investor_id,investor_name,phone,email,company_name,portfolio_id
1,Thompson-Kirby,766-275-0881x67516,livingstonnicholas@example.com,,342.0
2,Kristen Ruiz,259-478-8422x14663,smithrobert@example.com,,331.0
3,"Yang, Lawson and Steele",474-685-3317x983,theodorewolf@example.net,Greene Inc,383.0
4,"Goodwin, Hunt and Schaefer",001-206-248-2203,brandy52@example.net,Gallegos Ltd,55.0
5,Torres Ltd,(559)744-2582,meredithbarnett@example.net,Thompson and Sons,209.0
6,Jorge Fuentes,001-580-724-8065x1175,kimberlywoodard@example.org,Garrett Ltd,24.0
7,Laura Mcclure,754-222-1125,ruth68@example.org,,88.0
8,Clinton Bauer,+1-703-397-1455,patricia55@example.net,,313.0
9,Davis and Sons,(352)997-5343,mcdonalddevon@example.org,,149.0
10,Dean Zavala,823.753.7416x31931,doconnor@example.com,Hardy-Randall,270.0
11,George Hart,(785)615-9673,sean92@example.org,,227.0
12,"Reyes, Acevedo and Taylor",(979)638-5542x274,williamssarah@example.org,,338.0
13,Aaron Stewart,001-929-523-2634x2629,jensenmark@example.net,,177.0
14,Patricia Delgado,971-569-5532x9862,murraylauren@example.org,Orr LLC,45.0
15,Christy Franklin,382-823-4166x276,maryfischer@example.com,Wilson Group,236.0
16,Mayo-Morris,(593)876-2956x068,zcross@example.org,"Arias, Jordan and Davis",312.0
17,Evan Ortiz,(460)904-5020x7673,mwalker@example.org,Bailey PLC,314.0
18,Madden Group,422-526-9606x73741,dustin91@example.net,Peters Ltd,240.0
19,Jennifer Campbell,001-650-433-7481x616,sabrinavargas@example.net,,242.0
20,Lisa Ward,(305)719-0401x7390,watersantonio@example.com,Bowen and Sons,134.0
21,"Rodriguez, Greene and Gordon",658.704.7775,ewingerica@example.net,,156.0
22,Michael Rodriguez,466.236.2089,jeffrey27@example.net,Valencia-Camacho,326.0
23,Wilson-Coleman,+1-335-855-0640,josephcaldwell@example.org,,287.0
24,Ramirez-Reid,540.429.5466,marccline@example.net,"Allen, Luna and Snow",4.0
25,Jessica Pena,+1-281-527-4763x392,ryandowns@example.net,,281.0
26,Short-Guerrero,975-268-5468x762,ricardolee@example.org,Johnson-Wilson,262.0
27,Adam Reyes,799.567.6878x3290,melvinthompson@example.net,Love Ltd,120.0
28,Rodriguez PLC,864.615.7366x84050,sweeneymaria@example.com,,336.0
29,Haley Bird,758-872-8395,kingcatherine@example.org,,102.0
30,Nathan Logan,551-274-7911,kbird@example.com,,19.0
31,Christopher Marshall,530.337.3515,zwhite@example.net,Mendoza-Mcdonald,218.0
32,Rita Stark,(473)224-0817x262,dwilson@example.com,,87.0
33,King LLC,(754)954-0934,diana34@example.com,,322.0
34,Larry Hernandez,001-626-835-1974x351,aguilarnicole@example.net,"Guerra, Oliver and Case",272.0
35,Chen and Sons,592.354.7018,brandtteresa@example.com,,152.0
36,Alexis Hanna,560.914.9022,torressara@example.net,Baker-Mclaughlin,190.0
37,John Riggs,485.235.6501,dustin53@example.com,,305.0
38,Daniel Michael,(473)558-2569x8828,iscott@example.com,Brown-Horne,270.0
39,Kelsey Taylor,+1-533-664-6036,pjohnson@example.com,Holden LLC,46.0
40,Nelson Group,+1-860-381-0798x39576,joseph42@example.net,,25.0
41,"Kirk, Brown and Armstrong",265-294-5505x8718,kirbybill@example.org,"Larson, Ibarra and Castillo",398.0
42,Jason Garcia,703.606.5684,ofischer@example.net,"Castro, Lewis and Obrien",234.0
43,Alicia Hensley,6449315815,jonestimothy@example.net,,148.0
44,Timothy Thomas,714.564.6533,lisa64@example.net,Gomez Inc,180.0
45,John Peterson,(516)527-7003x01822,twhitney@example.net,,240.0
46,Flores-Thompson,277.356.1222,dominguezadam@example.com,Torres LLC,310.0
47,Castillo Group,298.482.3445x8845,mitchellbryan@example.net,Adams Ltd,227.0
48,Jessica Kim,645.217.5279,melinda54@example.net,,272.0
49,"Richardson, Jackson and Simpson",648-820-3381x381,autumn93@example.com,"Williams, Adams and Reyes",41.0
50,Wilson-Turner,363-441-4308x98930,jeffery38@example.net,Mcgee-Moore,359.0
51,Jessica Long,815-720-3847x398,jamesingram@example.com,,105.0
52,Autumn Holland,+1-488-723-8296x7432,timothydavis@example.com,Cook-Simmons,78.0
53,Frank Washington,870-406-4323,brennanjames@example.org,"Serrano, Williams and Taylor",246.0
54,"Lam, Thompson and Contreras",500.731.2420,gregory90@example.org,,192.0
55,Lopez-Ray,(860)805-7533x75766,hernandezpamela@example.com,,279.0
56,Ashley Johnson,9542073460,mckinneyjennifer@example.com,,194.0
57,"Turner, Smith and Gibson",583.354.0460,smithjessica@example.net,,349.0
58,Ferguson-Wilson,(424)394-8912x9998,tgonzales@example.com,,306.0
59,"Parrish, Bartlett and Young",001-534-501-3161,henrystewart@example.net,,291.0
60,Troy Trujillo,001-249-701-2752x3783,elizabeth39@example.net,Carlson and Sons,260.0
61,Wilson PLC,+1-379-767-4733,levi32@example.net,,34.0
62,Jason Walker,(985)725-3880,jessica59@example.org,,136.0
63,Schwartz LLC,(533)805-6070,anne19@example.com,,371.0
64,Sanchez Ltd,(702)965-2443x72080,michellerogers@example.net,,11.0
65,Anita Knight,420.415.0008x274,obrienlarry@example.net,"Benson, Nguyen and Reese",138.0
66,Daniel Baker,724-586-1750x789,lamsean@example.org,Hill Ltd,95.0
67,Black and Sons,(617)494-0714,ramireztara@example.org,,390.0
68,"Horton, Johnson and Gomez",(364)378-4892,humphreyellen@example.net,,11.0
69,Rodney Franklin,523-454-9063x8048,kathy98@example.net,,126.0
70,Morgan-Kirk,(730)543-4056,sanchezmichael@example.net,,356.0
71,Smith-Hill,331.388.7732,harrisrobert@example.org,,126.0
72,Steven Patterson,499.624.8753x2642,josephrobinson@example.org,Elliott-Jennings,14.0
73,Stephanie Holland,925.684.3629x175,berryandrew@example.net,,165.0
74,Cody Lee,001-252-326-8753x8549,kelly25@example.net,Ramsey PLC,60.0
75,"Gutierrez, Castillo and Cruz",4719398604,joseph54@example.org,,142.0
76,Laura Dillon,409.448.4001x43402,uhall@example.net,"Wright, Jones and Ortega",19.0
77,Kelly Jackson,289-636-1551x248,yparker@example.org,Griffith-Williams,215.0
78,Lindsey Campos,885.616.7663x95981,benjaminmarshall@example.org,Meyer LLC,392.0
79,Lisa Garcia,353.479.7126x00171,xpennington@example.org,"Robinson, Porter and Peters",265.0
80,Maureen Stevenson,001-449-226-2587x944,deanna74@example.com,,340.0
81,Richard Rangel,+1-783-651-4503,hicksmatthew@example.com,"Davis, Brown and Morris",115.0
82,James Owens,(947)896-6643x108,tuckerkeith@example.net,,203.0
83,Cassandra Lewis,001-775-666-3054,emilymeyer@example.com,,364.0
84,Scott-Hernandez,204.564.2587,iwood@example.net,Miller and Sons,117.0
85,Pruitt Group,+1-503-362-9484,fryjackie@example.org,Sandoval Group,240.0
86,Gregory Jones,(290)212-9922x09035,margaret10@example.org,Brown-Cunningham,117.0
87,James Higgins,001-946-359-0753x31727,hatfieldsharon@example.com,,91.0
88,Wilson PLC,(378)783-8517x99251,mwalker@example.net,,72.0
89,"Gonzalez, Acevedo and Freeman",(813)405-6056x87852,kelseymason@example.com,"Hodges, Howard and Downs",6.0
90,"Harrison, Joseph and Goodwin",899.644.7231x06148,hayessarah@example.com,,83.0
91,Hector Brown,(306)830-0550,vsharp@example.org,"Wilkins, Campbell and Fuentes",240.0
92,Alan Tyler,395.358.7298,qrichard@example.org,,130.0
93,"Lane, Williams and Thomas",001-306-696-1503x350,sanchezandrew@example.com,,32.0
94,"Young, Day and Page",+1-624-322-2037x1303,zhawkins@example.org,Wilson-Miller,124.0
95,"Clark, Bautista and Cox",001-444-251-4591x949,nicholaspreston@example.net,,313.0
96,Megan Smith,964-623-0339x59301,kimberlycalhoun@example.com,,375.0
97,Melinda Jones,+1-984-842-4015x2559,martinantonio@example.com,,234.0
98,Angela Thompson,(499)809-2790,qwhite@example.com,Miller Ltd,241.0
99,Davis-Koch,516.559.1943x3066,sharon81@example.net,,320.0
100,Michael Raymond,695.360.7827x8775,alarson@example.org,,50.0
101,Thomas James,+1-248-860-2608x380,michael91@example.net,,
102,Estrada-Russell,+1-784-552-5121,lisa70@example.net,Ellis LLC,177.0
103,Mcdowell and Sons,001-653-451-0813,rmorgan@example.com,Davis-Watson,7.0
104,Wright-Jackson,(812)235-2285,kevinwilliams@example.net,,375.0
105,David Diaz,(326)916-1899x2057,hornechristina@example.com,Murphy and Sons,169.0
106,Crystal Moore,491-864-1776,josephgrimes@example.com,Smith LLC,268.0
107,Doyle Ltd,001-969-838-3430x726,vmoore@example.com,"Santiago, Simmons and Hood",363.0
108,Andrew Peterson,313-826-5417,deborahburke@example.net,Barton-Friedman,327.0
109,"Jimenez, Allen and Smith",2088227203,nathanielgordon@example.com,,106.0
110,Raven Williams,637-533-6086x173,rachel05@example.net,,193.0
111,Hogan PLC,787-406-3526x896,nreed@example.com,,145.0
112,Howard-Thompson,504.312.5025,nicole34@example.net,,291.0
113,Parker Inc,001-845-503-5992x11802,yhenderson@example.com,"Harris, Butler and Rojas",299.0
114,Donald Smith,(756)816-0047x666,rebeccaterry@example.com,"Brooks, Oconnell and Hunt",397.0
115,Jason Merritt,(859)927-7997x2765,callahanmarvin@example.net,Lester-Newton,6.0
116,David Allen,+1-702-779-3834,jonesshelly@example.org,Harrington and Sons,167.0
117,Brittany Hayden,(953)531-2415,robert02@example.com,Larsen and Sons,157.0
118,Catherine Cortez,447.378.9889x11205,davidnelson@example.com,,119.0
119,Cynthia Nicholson,+1-481-357-9501x7805,gonzalezmelanie@example.com,,344.0
120,Peterson and Sons,(692)330-7636,tjones@example.org,"Lopez, Mack and White",328.0
121,Victoria Potter,490.792.4438x17426,brianramirez@example.org,Gray PLC,320.0
122,"Campos, Dean and Gillespie",+1-228-984-3450x76957,churchmichael@example.org,,398.0
123,Gay-Carroll,+1-826-350-7251x4248,monicapalmer@example.net,"Hale, Howe and Perkins",63.0
124,Lori Anderson,(659)423-1956,helenporter@example.org,,
125,Trevor Garcia,001-593-730-5312x678,smithcatherine@example.net,Murphy PLC,99.0
126,Larry Ross,790.692.0697x14794,vanessamoore@example.net,,93.0
127,Amy Gay,709-865-0988,laurenwall@example.com,,333.0
128,Davis Ltd,+1-289-524-2875,petersalexis@example.net,,205.0
129,Angela Mendoza,+1-887-347-7759x277,melissapugh@example.com,,21.0
130,Kelly Savage,355-853-4728x643,sross@example.net,Hoover and Sons,272.0
131,Jeremy Smith,+1-515-599-6586x55581,victoriabailey@example.org,,30.0
132,Brown-Waller,615.703.4184,foxjenny@example.org,Myers-Gillespie,85.0
133,Janice Winters,+1-228-950-4007,ycooley@example.net,,91.0
134,Sheila Hernandez,(456)280-4114,lori59@example.net,,300.0
135,Bianca Nelson,492.865.5765x1412,williamspaige@example.net,Williams-Woodward,79.0
136,"Daniel, Salazar and Bradley",001-563-860-6636x04778,alexandra25@example.org,"Nelson, Alexander and Huffman",73.0
137,Lopez-Pineda,912-298-3559,carterdillon@example.net,,197.0
138,Breanna Patel,235-625-9449x06371,uaguilar@example.org,Harris-Lopez,124.0
139,"Johnson, Anderson and Green",281.905.2709,nicholas10@example.org,,236.0
140,Jennifer Zamora,001-842-323-0079x064,shermanthomas@example.com,Williams and Sons,218.0
141,Mark Owen,(239)928-0300,sandra94@example.org,Sutton-Diaz,152.0
142,Brian Alvarez,+1-825-399-7070x9241,haleymcdaniel@example.com,,186.0
143,"Krause, Nelson and Nunez",266-364-9773x2692,darrellmartinez@example.org,Cuevas-West,370.0
144,Jared Kelley,(582)276-1801,jacqueline32@example.com,,29.0
145,John Martinez,+1-931-791-6029x3989,tclark@example.net,"Morgan, Hill and Rodriguez",356.0
146,Charles Sanchez,001-221-768-4813,colleenshelton@example.net,,13.0
147,Pham-Schmidt,(689)347-7621x70101,christopher73@example.com,Ellis Ltd,268.0
148,"Novak, Brown and Gray",981-399-3418x166,angelica22@example.net,"Miller, Martinez and Miller",164.0
149,April Wise,964.987.9861x827,jsherman@example.org,,8.0
150,Jennifer Rich,(209)376-1417x32766,tfriedman@example.com,,16.0
151,Aimee Russo DDS,(904)299-0218x61833,jerry95@example.org,Logan Ltd,358.0
152,Craig Summers,+1-713-831-5769x0259,bryandrake@example.com,,234.0
153,Derrick Mcdaniel,(348)671-0976x606,bridgetlara@example.org,,325.0
154,Nicholas Miller,487.348.2701,tammievillanueva@example.com,"Lee, Mendoza and Graves",296.0
155,Andrea Hess,+1-295-985-6128x43324,ztaylor@example.org,Avila-Joseph,64.0
156,Wendy Grant,+1-473-491-9715x14680,steinchelsea@example.com,,97.0
157,Amanda Rangel,736-788-0900x641,meyerkatherine@example.com,Williams LLC,264.0
158,Jim Shelton,437-499-9411,theodore48@example.net,Miller-Shannon,128.0
159,"Yang, Zimmerman and Harmon",6432958549,pauljessica@example.net,"Marquez, Hudson and Reese",285.0
160,Theresa Cooper,(251)782-2923x21357,yvonnelowe@example.com,,390.0
161,Casey Melendez,849.213.2950,kfox@example.com,Smith-Moore,311.0
162,Michael Rodriguez,+1-840-536-1876x11074,sarah96@example.org,,326.0
163,"Smith, Webster and Romero",(918)702-3675,johnsonnatalie@example.org,,69.0
164,Kathryn Moore,7739403296,calebgarrett@example.com,,326.0
165,Matthew Li,605.983.6926x38989,wkoch@example.net,"Greene, Webster and Hendrix",118.0
166,Robert Smith,9193001101,kathythompson@example.net,,135.0
167,Holmes-Suarez,321-918-2725x2747,danielle07@example.net,"Bell, Johnson and Webb",294.0
168,Teresa Mckinney,240.217.2990,donald93@example.net,"Burke, Sims and Joseph",240.0
169,Beth Henry,001-710-390-7664,rosscathy@example.net,Gonzalez Group,356.0
170,Steve Ramsey,(507)431-6336x55777,sabrinawoods@example.org,Hall-Murphy,220.0
171,Kimberly Pierce,3809163584,thomasfarley@example.net,,298.0
172,Melissa Gonzales,(493)804-5125x771,vickiemoreno@example.org,Perez Inc,334.0
173,Michelle Miller,358.827.4065,vanessa32@example.org,Clark-Wilson,259.0
174,Hendricks-Lindsey,291-338-8301,cooperkristen@example.com,,362.0
175,Justin Booth,+1-367-374-1279x577,jenniferbowman@example.com,,71.0
176,Susan Kline,+1-320-432-3209,grahambrendan@example.org,,375.0
177,Michael Ball,569.279.3266x06656,ralph62@example.net,Wu Ltd,364.0
178,"Wood, Holland and Williams",877-513-8368,shawn37@example.org,,316.0
179,Nicholas Carson,+1-402-889-7413x40380,beth98@example.org,,66.0
180,Kelly Jones,377-441-5135,david64@example.com,Stewart-Thomas,126.0
181,"Miller, Rios and Abbott",5865092163,weeksjennifer@example.com,Wright Ltd,129.0
182,Peterson LLC,+1-511-922-7343x39857,william51@example.net,,372.0
183,Travis Gonzalez,445.310.5499x21255,joneskelli@example.com,,260.0
184,Debra Cox,534-748-5227x07016,jack53@example.net,,112.0
185,Ian Barker,001-754-723-2932,leblancdonna@example.com,,56.0
186,"Church, Jones and Roberts",+1-868-420-5487x321,timothywilson@example.net,,371.0
187,Harrington-Lopez,+1-296-281-5760x72022,wrodriguez@example.net,Smith-Nunez,238.0
188,Heather Johnson,001-980-571-3289x612,tracysandoval@example.org,Aguilar and Sons,272.0
189,Dyer PLC,+1-625-835-5867,robert71@example.org,Robinson-Jordan,225.0
190,"Evans, Clark and Smith",001-436-368-7185x459,jacob63@example.com,,20.0
191,Rhonda Marks,001-548-499-0386x7991,pattersonsandra@example.com,,307.0
192,Elijah Hernandez,+1-274-410-3162x8305,navarroomar@example.org,,75.0
193,Roy Warren,(205)888-3830x6349,kingheather@example.org,,273.0
194,Mark Gomez,957-458-4185x3272,patrick83@example.org,Graham-Robinson,56.0
195,Randall-Fernandez,735.775.0890,victoria20@example.com,"Baker, Harrell and Hendricks",112.0
196,"Freeman, Larson and Phillips",795.788.5732,bennettearl@example.com,,217.0
197,Ruiz-Potter,001-572-486-3669x11388,faulknercindy@example.com,,103.0
198,Randy Diaz,8888580788,megan41@example.org,,180.0
199,William Santiago,471-662-6677x6826,morenosusan@example.com,,248.0
200,Lopez-Jenkins,714.795.9561x2728,billy04@example.org,,291.0
201,Anthony Hammond,001-253-222-2328x97720,zjackson@example.org,,220.0
202,Travis Vasquez,001-654-561-4707,matthew08@example.com,,244.0
203,Caitlyn Lane,967.425.1967x2359,julie61@example.net,"Thomas, Gamble and Terry",93.0
204,Allen Dawson,+1-929-763-8918x1706,djones@example.org,,194.0
205,Dillon-Schwartz,(819)582-5219,allisonarcher@example.org,Mills-Pope,161.0
206,Traci Schmidt,977-832-1255,tmalone@example.net,,318.0
207,Stewart-Hicks,4083545231,amy42@example.org,"Perez, Simmons and Vega",37.0
208,Williams-Adams,+1-545-210-3216x2552,rthompson@example.net,Howard LLC,106.0
209,Matthew Taylor,340-637-0612x20290,msantiago@example.org,,185.0
210,"Peterson, Mathews and Wilson",312-974-1045x8491,alexis74@example.org,Monroe-Tucker,390.0
211,Brandon Robles,001-329-924-2596,matthewperez@example.net,"Kelly, Little and Ferguson",106.0
212,"Holland, Wood and Warren",(306)388-3477,amanda19@example.net,,157.0
213,Christopher Strickland,(800)650-8226x10706,cynthia47@example.net,Smith and Sons,22.0
214,Sarah Armstrong,+1-573-792-5868,kathrynjenkins@example.net,,369.0
215,"Roberts, Mason and Taylor",425-672-2006x76613,ryanbonnie@example.net,"Lewis, Baker and King",61.0
216,Kenneth Wallace,+1-360-633-4827x045,greenjessica@example.net,"Pearson, Williams and Molina",167.0
217,"Love, Alvarado and Washington",507.629.6673x56263,johnsonmorgan@example.com,,154.0
218,Stephanie Allen,(613)945-1642,adamsselena@example.net,,334.0
219,Chelsea Ross,+1-245-985-2885x951,kimberlymartinez@example.net,,28.0
220,Cynthia Brady,+1-938-653-0088,lleon@example.com,,376.0
221,Washington-Hunt,(573)676-8874,samanthagallagher@example.net,Khan Inc,163.0
222,Hamilton-Murphy,(989)870-6622,hectorlong@example.org,,91.0
223,James Rodriguez,001-245-632-5256x82113,claytonjesus@example.net,Bass-Anderson,40.0
224,Mason Inc,921.281.7689x7417,angela79@example.org,,153.0
225,Maurice Wilson,742.814.4541,madeline10@example.com,,186.0
226,King-West,606-901-8574x23211,gonzalesrobin@example.com,,374.0
227,Paul-Frazier,663.880.9352x70615,robert86@example.org,,288.0
228,Richard Hill,354-515-2255x771,dfranklin@example.com,,198.0
229,Roy Griffith,001-747-979-0193x07400,marcushood@example.com,"Cummings, Ruiz and Woods",100.0
230,Curtis Day,(677)227-8568x387,gonzalezrobert@example.org,,368.0
231,Teresa Howard,612.971.8056,stephenhall@example.com,,248.0
232,Gordon LLC,(881)570-9868x2587,michaeljacobs@example.net,,198.0
233,Lindsay Krause,+1-860-880-0475x6569,schmidtstephen@example.net,,
234,Robert Perez,(245)222-3475,williamsalexis@example.com,Dickson and Sons,48.0
235,Bradley Alvarez,001-340-744-8598x0184,wandrews@example.net,,312.0
236,"Perry, Brooks and Young",001-662-530-4775,nicholasadams@example.org,,391.0
237,Juan Mitchell,533.277.2656x3315,dwalsh@example.com,Young Inc,73.0
238,Simpson-Brooks,275.437.4694x2350,corey22@example.org,,181.0
239,Henry Group,+1-833-235-4513x68561,scottgarcia@example.org,Martinez Group,130.0
240,Carla Simmons,001-976-352-6994x54217,lscott@example.net,Cortez PLC,248.0
241,Erik Davis,463.413.3435,ashley97@example.org,Berger-Mahoney,261.0
242,Riley-Johnson,987.276.5562,harrisongabriel@example.com,Adkins-Alexander,185.0
243,Angel Matthews,642-617-1228x0791,rodriguezlee@example.net,,292.0
244,Kristin Bradley,(560)677-8580x7731,deborahrodriguez@example.org,,378.0
245,Logan Delgado,(279)420-5198x773,chelsea03@example.com,"Davis, Sims and Banks",82.0
246,Lisa Wilson,680.808.7908,julie37@example.com,"Benton, Johnson and Villarreal",44.0
247,Brian Barnett,(887)867-1060,jonathandiaz@example.com,"Simpson, Case and Alvarez",148.0
248,"Andrews, Howell and Griffin",+1-610-254-8854x2469,kevinvaldez@example.net,,27.0
249,Cardenas Group,2355308366,bestcassie@example.com,"Fernandez, Bautista and Martinez",197.0
250,Smith-Johnston,(751)716-1405x1109,joannalopez@example.net,,73.0
251,Ashley Lee,+1-794-901-2355,phillip75@example.net,,245.0
252,Stephen Keller,435.788.5201x2014,michelle50@example.org,Crosby Group,275.0
253,"Howard, White and Li",+1-374-607-8202x80720,howelltara@example.com,Wilson PLC,83.0
254,Michael Hayden,001-339-367-5673x2315,tgalvan@example.net,"Murray, Edwards and Davis",389.0
255,Fischer-Fisher,391.880.3429x559,edwinburke@example.com,"Gilmore, Velasquez and Perez",81.0
256,Michelle Stanley,491.655.1432,michaellopez@example.net,,186.0
257,Lindsay Adkins,819.847.1062,kimberly18@example.com,,94.0
258,Crystal Reyes,001-710-629-7999,lsuarez@example.net,Smith LLC,74.0
259,Shannon Jackson,(623)879-2021x1875,blakenorris@example.org,,288.0
260,Matthew Brown,(758)792-3934x3166,joseph92@example.net,Mathis Inc,87.0
261,"Brewer, Kemp and Raymond",001-975-463-0716x5349,salinastodd@example.net,,190.0
262,Anna Miller,504-788-6042x49401,llewis@example.net,Singleton-Matthews,219.0
263,Stacy Martinez,5395604881,flittle@example.org,,63.0
264,Larry Lopez,883-919-8644x69519,hicksjohn@example.com,Wood Group,331.0
265,Robert Brown,660-508-3847x1356,robinsonrichard@example.org,Lutz LLC,10.0
266,David Brooks,864.883.7397,rhall@example.org,Thompson-Lara,24.0
267,Morrison LLC,+1-854-770-8378x3857,robinsonkristen@example.com,Williams-King,176.0
268,Matthew Buckley,911-576-9429,jesse77@example.org,Davila-Farrell,136.0
269,Samuel Adams,652.217.8996x7575,shariwells@example.net,,17.0
270,"Stephenson, Bennett and Booth",+1-511-661-9226x181,larrygibbs@example.org,Mitchell Inc,300.0
271,Ryan Martinez,282.399.6080x017,amanda29@example.org,,110.0
272,Morgan Smith,001-219-366-8481x6293,larryduffy@example.net,Robles Inc,85.0
273,"Phillips, Pace and Bowman",736.656.1986x65513,nathaniel21@example.com,Diaz-Rodriguez,137.0
274,Tina Lamb,(317)730-5865x36886,schroedervicki@example.net,Johnson-Thompson,88.0
275,Danielle Case,(718)937-9181x8941,amber91@example.net,"Powell, Beck and Lee",169.0
276,John Larson,858-888-0443,larsenlacey@example.com,,310.0
277,Jason Ramirez,(603)492-2350,qpage@example.com,Patton-Turner,53.0
278,"Hart, Gray and Bautista",001-424-336-2978,nscott@example.com,Summers PLC,12.0
279,Hayden and Sons,246-853-6773x42315,rodriguezaustin@example.org,,83.0
280,Huffman PLC,+1-975-726-5103x6775,swu@example.com,,391.0
281,Webb Group,+1-458-359-4025x700,carterjoseph@example.com,Webster-Joseph,340.0
282,"Smith, Lloyd and Kelley",+1-958-905-1334x607,timothyjames@example.net,"Gilmore, Fernandez and Tyler",247.0
283,Terry Vargas,(490)754-4857,breynolds@example.net,,254.0
284,Cory Solis,+1-582-822-7703x6504,johnsonmichael@example.com,,347.0
285,"Wilson, Lewis and Perez",9757817011,woodscourtney@example.net,,96.0
286,Danny Lopez,223-911-9654x067,qgarner@example.com,Edwards LLC,258.0
287,Jennifer Gonzalez,+1-657-843-3896x95133,yangalexis@example.com,Snyder-Williams,296.0
288,Shelia Zamora,573.783.2911x695,jamesfoster@example.com,,109.0
289,Gutierrez PLC,957-516-5147x070,karensanchez@example.org,,15.0
290,Kim-Santana,681-698-1342x786,christopher79@example.net,,167.0
291,Fernandez-Hansen,001-323-537-0766x51959,davidhughes@example.net,Burch Ltd,341.0
292,Thomas Acosta,(618)251-7828x4948,fitzgeraldrichard@example.com,Martinez-Crawford,255.0
293,Matthew Camacho,883-618-5316x56880,jennifer86@example.net,,60.0
294,Stanton-Boyer,810-766-7525,bakerwilliam@example.com,Wells-Frank,244.0
295,Glover and Sons,+1-445-825-9468x85656,joshuahodges@example.net,Cross Group,334.0
296,Laura Neal,(483)433-4779x3183,zachary05@example.net,,155.0
297,House-Ross,001-435-647-0707x4583,sean81@example.com,,187.0
298,Alvarez-Lane,477-402-2659x8145,michaelmullen@example.net,,102.0
299,David Combs MD,323-295-1145x88606,anna73@example.com,"Lopez, Brown and Nelson",17.0
300,Ashley Gonzales,001-726-997-8251x4902,josephnguyen@example.net,,54.0
301,Thomas Schultz,475-512-0109,qjohnson@example.com,Shea LLC,58.0
302,"Johnson, Neal and Hill",508.874.5709,harryshaw@example.com,"Ray, Molina and Gaines",376.0
303,Collins and Sons,637.915.1313x034,teresa31@example.org,Arroyo Group,49.0
304,James Morris,276.466.2997,morrisdaniel@example.com,,129.0
305,Cox LLC,(842)257-9472,jocelyn38@example.org,,183.0
306,Herrera-Nelson,741.951.6914x2234,zadams@example.com,Carter PLC,272.0
307,Lawrence Sanchez,497.600.8349x449,jillwalker@example.org,,246.0
308,Samuel Morrison,8922120856,conleyalan@example.com,,180.0
309,Kevin Jimenez,(844)525-3771,zachary94@example.net,"Peterson, Price and Buck",105.0
310,Phillip Johnson,001-979-316-2247x7770,qberger@example.net,,232.0
311,Jessica Blackwell,001-994-587-2453,kchaney@example.com,,130.0
312,Matthew Russo,+1-862-669-8433,jacquelinefreeman@example.com,Harper-Garcia,349.0
313,Kelly Barber,001-638-373-0882x62838,bgreene@example.com,"Henderson, Butler and Higgins",353.0
314,Lisa Walsh,475-335-4124,johnsonfrederick@example.net,,272.0
315,"White, Brown and Scott",001-876-832-2533x1411,donna62@example.org,"Scott, Singleton and Lane",28.0
316,Matthew Perez,001-747-308-5989x56729,grahameric@example.com,Sparks-Williams,362.0
317,Joyce Howell,+1-869-465-0229,maxrichards@example.com,,149.0
318,Hines-Gomez,(790)942-4927x202,welchjamie@example.org,Wilson Ltd,34.0
319,Turner-Stewart,001-594-205-5146x967,dustin28@example.com,Miller and Sons,158.0
320,Hayley Miller,+1-389-321-0527x09617,torresmary@example.org,Odom-Lowery,51.0
321,Zhang-Clark,+1-742-226-7458x04380,tammydaniel@example.net,,3.0
322,Tina Alexander,9294839861,brendahernandez@example.net,,24.0
323,Emily Warren,(993)695-6319,jamesduke@example.com,"Evans, Ruiz and Johnson",71.0
324,"Moss, Snyder and Carlson",(583)406-8028,patrickfrazier@example.net,,54.0
325,John Ayers MD,(997)887-5999x3943,kelseypetersen@example.net,,363.0
326,Martha Rojas,510.459.9668x28290,kphillips@example.com,Ayala-Wallace,146.0
327,Shea Ltd,+1-862-300-7130,idavis@example.net,"Sellers, Jennings and Gross",251.0
328,Miranda Fox,535-471-0367x4961,josethomas@example.net,"Bradford, Romero and Howard",160.0
329,Ramirez LLC,331-693-2508x00553,mhowell@example.org,"Nolan, Castillo and Barber",115.0
330,"Robinson, Bartlett and Lawrence",721.440.6512,ydavis@example.org,,109.0
331,Nguyen Inc,001-876-384-2947x56236,james28@example.org,,379.0
332,Paul White,001-701-201-0652,lindseybailey@example.org,,63.0
333,"Huff, Nelson and Holmes",+1-389-307-4763,kbrennan@example.com,"Lopez, Rodriguez and Ford",97.0
334,Steven Wood,275.493.9367x77874,charles64@example.com,Welch-Walker,13.0
335,Wright Inc,860-707-2365,uwright@example.org,"Conley, Zimmerman and Blankenship",293.0
336,Taylor-Craig,(515)216-8950x242,fowlermadison@example.net,,59.0
337,Mary Wilson,+1-339-512-2156x7482,riveratroy@example.com,Baker-Pollard,71.0
338,"Nichols, Padilla and Lane",7059502606,ronnie69@example.net,Robinson-Wright,220.0
339,Guerrero-Carter,+1-615-588-9652x28223,uhensley@example.net,Sanchez Ltd,198.0
340,Jordan Park,+1-640-502-5790x4137,marieroberts@example.net,Jones-Massey,335.0
341,Summer Martin,643-278-3858x868,calvingreen@example.net,"Griffin, Flores and Allison",42.0
342,"Wilson, Ali and Peters",(490)473-8116,rosslorraine@example.com,"Suarez, Garcia and Fernandez",237.0
343,Aaron Nguyen,986.258.1249x126,dustinjenkins@example.net,,5.0
344,Kenneth Robinson,748-270-0510x72631,zadams@example.net,,385.0
345,Cory Medina,852.330.4746,singhheather@example.org,Schmidt-Jimenez,366.0
346,Sarah White,(783)276-2604,murraydouglas@example.org,"White, Graham and Rios",361.0
347,Moore-Garcia,(312)830-2732x17075,hhall@example.org,,167.0
348,Ronald Johnson,7298277055,zlambert@example.com,,27.0
349,Brenda Rodriguez,245-734-9592x2285,mcleanlisa@example.com,Summers Group,111.0
350,Gabriel Cox,908-959-0079x8229,jeremiah54@example.com,Velasquez-Gregory,81.0
351,Everett Ltd,240.301.5245x941,robertsonjimmy@example.com,"Stout, Manning and Mcdonald",63.0
352,Matthew Guzman,001-432-395-1760,ashleymccoy@example.com,"Rojas, Robinson and Montgomery",351.0
353,Green-Young,2547249873,xadams@example.net,"Norman, Garcia and Young",150.0
354,"Smith, Moore and Garcia",(325)350-6093x3757,breannahardy@example.com,Howard Group,305.0
355,Justin Robinson,502.301.8640,edwardsdebra@example.org,Phillips-Martinez,386.0
356,Christopher Martinez,731.350.6665x891,tinasimmons@example.org,Neal-Knight,57.0
357,Holmes-Brewer,914.465.0851x647,douglasjesse@example.net,,8.0
358,Burns Inc,363-451-7639,operry@example.com,,347.0
359,Marshall-Duncan,+1-268-458-5333x067,whitejulie@example.com,Greene Ltd,302.0
360,"Mccoy, Phillips and Lee",(329)700-4485x7681,richardspatrick@example.org,Martin-Miller,51.0
361,Raymond Salinas,001-607-676-5222,pellis@example.org,"Cordova, Herrera and Howell",6.0
362,Kevin Gutierrez,3026637085,heather21@example.com,,258.0
363,Bobby Sandoval,566-506-1336x2910,vwong@example.com,,114.0
364,George Ponce,502.659.7277,philip05@example.org,,52.0
365,Long-Ashley,765-209-7085,evansvictor@example.org,Bolton Group,299.0
366,"Wilkins, Perez and Smith",3926380991,kaitlynhanson@example.org,,246.0
367,Brandon Cain,(335)599-8094x0547,paigebishop@example.com,Bishop-Rodriguez,98.0
368,Desiree Hudson,001-203-361-3701,calebnavarro@example.net,Smith-Kelly,384.0
369,"Mcgee, Mata and Watson",450.299.6170x917,nicholas08@example.org,"Baxter, Moore and Guerra",101.0
370,Matthew Smith,+1-664-913-5724x5977,ashley72@example.com,,10.0
371,Krista Mcmillan,(354)626-6314,chloecampos@example.net,"Sanders, Brown and Simmons",115.0
372,Schultz-Combs,(877)660-5183x6676,derickson@example.com,"Clark, Moore and Russell",74.0
373,Michael Powers,(925)755-9912x1259,sarah61@example.com,,63.0
374,Dennis Group,+1-599-923-5467,barbara01@example.com,,57.0
375,Mary Morris,589.329.7208,sthompson@example.com,,282.0
376,Kevin Lee,956.282.4453x236,john97@example.com,,326.0
377,Denise Woodward,001-566-426-2243x08031,mikaylaayala@example.org,,300.0
378,Zhang Group,252-871-8295,bowenrichard@example.com,Parsons Inc,8.0
379,Felicia Blair,373.718.7227,xalvarado@example.net,Savage-Frank,6.0
380,"Stewart, Ward and Parker",678-201-1650,matthewmacias@example.com,Cooper PLC,227.0
381,Jessica Hughes,411-345-2761x7266,henrybrown@example.org,"Ramirez, Rush and Sherman",198.0
382,Ashley Lopez,654-273-2859x72368,johnsonrandy@example.org,,50.0
383,Sanchez LLC,590.693.7674,lthompson@example.net,Winters-Castillo,97.0
384,Snyder and Sons,+1-589-655-7035,omartin@example.net,Foster-Thompson,299.0
385,"Thompson, Becker and Holloway",805-516-2975,anthony36@example.com,,263.0
386,Dr. Thomas Murray,802-866-1136x2651,jnorman@example.com,Mckee-Martinez,232.0
387,Mary Lopez,(212)245-4145x7279,evansmelissa@example.net,"Lewis, Flowers and Mueller",312.0
388,Amy Christensen,777-829-8545x031,awatkins@example.org,,195.0
389,Callahan-Hill,(858)907-0955,jacobburns@example.net,Lynch Inc,159.0
390,Christian Inc,575.691.7991x541,jonathan75@example.net,,128.0
391,"Walters, Gutierrez and Ortiz",889.745.4258,cody98@example.org,,215.0
392,"Smith, Wilson and Richards",9232683921,vcoleman@example.org,,9.0
393,Roberts Inc,415.317.4330x57461,grayjonathan@example.net,Reid Inc,357.0
394,Michael Welch,304-212-5566,patrickjones@example.org,"Holland, Carlson and Perkins",40.0
395,Nicholas Hunt,+1-950-936-9741x699,smithkathryn@example.com,,169.0
396,Sara Hendrix,+1-567-808-6648x628,scottstephen@example.com,"Rodriguez, Barnett and Bird",389.0
397,"Erickson, Roman and Lee",450-345-2019x97861,rodney49@example.com,Allen Ltd,264.0
398,John Burns,541.609.3976x245,jamescook@example.com,,120.0
399,Amy Kelley,418-862-9146,sheena61@example.net,"Leach, Cobb and Booth",120.0
400,Jonathan Webb,(839)388-8697x1584,hcooper@example.com,"Yates, Powell and Blair",69.0
401,Sara Morris,+1-503-484-2845x06562,gonzalezmatthew@example.net,,291.0
402,Gonzalez-Larson,636.251.7429x68635,charlenestephens@example.org,Lopez-Shaffer,199.0
403,"Nelson, Barrett and Simmons",242.260.9245x90145,mmartin@example.com,,382.0
404,Sara Tyler,(899)789-4799x669,vlandry@example.net,Jenkins Inc,147.0
405,Ashley Vasquez,373-357-3579x69904,fjackson@example.org,"Flowers, Wilson and Martin",215.0
406,Bradley Anderson,950.790.0945x28304,patricknicholas@example.com,,164.0
407,"Bailey, Bryant and Fuller",543.216.2976x53999,andrewmeyers@example.com,Thompson and Sons,211.0
408,Amanda Burch,(699)343-6570x5603,mckenziepayne@example.org,,3.0
409,Alicia Cox,(647)767-7103x42727,christina44@example.net,Burke-Alvarado,400.0
410,Patricia Mitchell,285-350-8953x755,grantrodgers@example.net,,260.0
411,Ronald Phillips,295-537-6779x301,hullryan@example.com,Klein-Torres,140.0
412,Kevin Bennett PhD,243-510-9730x169,welchtheresa@example.org,Keller-Morris,367.0
413,Blankenship-Aguilar,964-354-7256,katherine05@example.com,,184.0
414,"Bell, Flowers and Gonzalez",(480)453-2981x178,smithcindy@example.com,,143.0
415,Samuel Mendoza,+1-529-709-0524x4964,ksingleton@example.com,,260.0
416,"Richardson, Ritter and James",+1-374-874-0033x9803,dana82@example.org,Dominguez-Mason,122.0
417,Nicole Giles,349-901-5930,gomezcassandra@example.net,Davis-Moore,357.0
418,James Arnold,+1-759-446-5808x0938,longchristopher@example.com,"Maddox, Ware and Chen",124.0
419,Warren-Murphy,001-888-824-9191x2412,carl44@example.org,,315.0
420,Benjamin Buchanan,+1-584-496-8407x9358,raymondwilliams@example.com,"Harris, Cruz and Thompson",75.0
421,Lawrence Wilson,6992681058,glorianorman@example.org,"Welch, Tucker and Garcia",204.0
422,Elizabeth Saunders,618.973.9115,qarmstrong@example.org,"Smith, Brown and Lopez",212.0
423,Morales-Austin,251-497-2596,christine87@example.com,,203.0
424,Katherine Boyd,624.667.0067x47045,nancy52@example.org,Davis-Anderson,343.0
425,Cox and Sons,(694)359-6217,seanmendez@example.net,,93.0
426,Dakota Davenport,605.834.6120x5155,lance20@example.com,"Campbell, Pugh and Allen",232.0
427,Flores Group,001-610-251-6908x45414,annajoseph@example.com,Contreras Ltd,104.0
428,Holly King,001-467-415-3352x7185,ramirezmax@example.org,,163.0
429,Manuel Taylor,(448)635-2553,karencampbell@example.net,Kennedy LLC,172.0
430,King Group,249.972.6263x265,paulgoodman@example.net,,126.0
431,Zachary Johnson,(742)880-2485,sergio60@example.net,,78.0
432,Ann Johnson,+1-389-491-7421x348,anthonyjohnson@example.org,"Ryan, Davis and Evans",322.0
433,"Harvey, Richardson and Thompson",+1-470-514-7221x468,klopez@example.net,,244.0
434,Sheri Lewis,(853)733-8191x06116,vincentmiller@example.net,,59.0
435,Ivan Koch,952.632.5433,rrobbins@example.com,Norman PLC,385.0
436,Lori Henry,001-338-790-7296x922,afarley@example.org,Irwin Inc,87.0
437,Reynolds PLC,+1-215-819-9718x234,scottcervantes@example.com,Allen-Anthony,56.0
438,Miller-Martinez,+1-576-624-2574x61751,derek16@example.com,Wallace-Larson,359.0
439,Daniel-Clark,+1-823-986-0085x0142,pcharles@example.org,,
440,Tony Jefferson,518-465-3625x79164,matthewrodriguez@example.net,,171.0
441,Reynolds-Callahan,294.371.7622,evanvega@example.net,Hayes PLC,61.0
442,Eric Burke,684.923.9721x238,williamharris@example.net,,303.0
443,David Norman,934-555-2080x602,scott87@example.net,Christensen-Fischer,333.0
444,Samantha Shepherd,+1-261-394-5408x21214,mortiz@example.org,,185.0
445,Lisa Hill,340.876.8261,emilyjacobs@example.org,"Hoover, Martinez and Foster",295.0
446,"Hart, Conley and Johnson",8175649628,sharonadams@example.com,,5.0
447,Karen Norris,929.273.3545x0665,allisonferguson@example.com,Perkins-Walker,20.0
448,Timothy Hill,3863067775,nflowers@example.net,Cox Ltd,211.0
449,Cody Booth,001-482-845-5865,paulamaldonado@example.net,Miller and Sons,266.0
450,Jeremy Perkins,(565)201-8202x6337,josephwilliams@example.org,Smith LLC,268.0
451,Melissa Johnson,642-380-9426,prose@example.org,,280.0
452,Gloria Mitchell,(310)859-7526,tinasmith@example.org,,196.0
453,"Flores, Smith and Boyle",399.471.3720x6502,thompsonlouis@example.net,,328.0
454,Courtney Lopez,+1-933-554-7295x7605,richardmorrison@example.org,,32.0
455,Carla Glover,+1-474-387-7531,jennifer95@example.org,"Martinez, Day and Dominguez",105.0
456,Laura Perry,001-471-680-7009,wcervantes@example.org,,373.0
457,"Schwartz, Coleman and Harding",607-394-3912,joshua56@example.net,White-Cruz,355.0
458,Alexis Mcmahon,+1-763-686-3948,wilkinsjason@example.com,"Murray, Hamilton and Burgess",303.0
459,Garrett-King,001-383-407-3067x026,allensandra@example.com,"Jennings, Turner and Garcia",206.0
460,Robert Lopez,(923)538-3587x84776,petersonkatherine@example.com,,248.0
461,Whitney Brown,001-505-230-4651x4429,wyatt88@example.net,Taylor and Sons,211.0
462,Baker Inc,709.644.3247,joshuarivera@example.com,,233.0
463,Burke PLC,465.314.5270x6739,odonnelljustin@example.net,Watts and Sons,69.0
464,Lucas PLC,(807)981-9189x2438,cluna@example.net,,313.0
465,Darryl Butler,259.889.0391,brownkevin@example.net,,87.0
466,Wise Inc,001-808-416-3579x769,davidbell@example.com,"Sanchez, Crawford and White",63.0
467,Burke Ltd,+1-882-288-2490x9392,dunnsamuel@example.net,,12.0
468,Jones-Hunter,998.884.1726,valeriechase@example.net,Nelson Inc,162.0
469,Sarah Green,580.837.8537,myerschristian@example.org,Cook Ltd,308.0
470,Michelle Smith,220-904-2479,davisbrandon@example.net,Williams PLC,318.0
471,Andres Wyatt,(569)438-8536,brian15@example.org,"Edwards, Friedman and Lopez",356.0
472,Colleen Hall,+1-652-518-1460x3979,stewartsharon@example.org,Rice LLC,370.0
473,Thomas Gonzalez,9019755800,amysmith@example.com,,336.0
474,Margaret Webster,454-705-7557x535,hannah69@example.org,Durham-Ellis,180.0
475,Barbara Parks,2842995716,mwilliams@example.com,,318.0
476,Jones-Smith,001-770-851-3670x18356,kelliott@example.net,,25.0
477,Graham-Mack,507.309.7423x280,melaniegonzalez@example.com,,214.0
478,Timothy Rose,(803)518-2990x659,morganemily@example.com,,154.0
479,Miller Group,001-370-473-1410x6336,daviesjamie@example.net,,232.0
480,Peter Boone,698.532.5605x2711,tammie54@example.org,,366.0
481,Thomas White,636.691.1233,colleenrandall@example.org,Carroll Group,192.0
482,Christopher Fischer,576.679.9419x292,tarafitzpatrick@example.com,Rivera Inc,256.0
483,"Mclean, Ramirez and Fernandez",393-756-3300x4589,ubrown@example.net,,138.0
484,Ronald Mitchell,+1-296-786-6071x5102,davidsonandrew@example.net,Marshall-Page,89.0
485,Susan Schneider,352-501-6569x74563,amy65@example.net,"Mason, Taylor and King",294.0
486,Ms. Faith Kerr MD,490-899-7174x0282,jasondavis@example.net,,70.0
487,"Taylor, Durham and Jennings",545-452-1540x352,brewerdavid@example.org,,372.0
488,Laura Smith,3465765425,asmith@example.org,Walls PLC,330.0
489,Megan Fernandez,567-378-2907x902,christophersanders@example.net,Cooper and Sons,66.0
490,Tina Smith,+1-305-424-5142x548,jenniferflowers@example.com,Macias and Sons,85.0
491,Rebecca Smith,+1-396-284-1657x87985,wareelizabeth@example.org,Adams Group,58.0
492,"Smith, Ward and Soto",(731)492-2153,katherineadams@example.org,Lewis Inc,61.0
493,"Yu, Pierce and Henry",466-716-5862x9835,johnkirk@example.org,,159.0
494,Laura Austin,8318753825,jasonharris@example.org,Valencia PLC,93.0
495,Smith Inc,338.305.6352,huntbrian@example.org,,81.0
496,"Murphy, Turner and Evans",780-656-1141x69736,dickersondarlene@example.com,,140.0
497,Juan Fernandez,2326519109,emilydavis@example.com,,334.0
498,Smith Inc,+1-904-786-3098x4830,pattersonlaura@example.org,,364.0
499,White Group,697.566.4527x0705,fadkins@example.com,Campbell-Dominguez,299.0
500,Shannon Johnson,255-212-5672x145,angel27@example.org,Short-Pope,71.0
501,"Baker, Benson and Thomas",001-295-873-9893x00107,phillipbrown@example.net,Hicks-Johnson,258.0
502,Tracey Brown,352-887-0067x46108,murphykatherine@example.net,Rogers-Cook,105.0
503,Dillon-Cowan,(699)984-0148,alexandra01@example.com,,109.0
504,Clayton Moore,6829072218,jacquelinewatson@example.net,,81.0
505,Sanders-Evans,(656)920-7897x877,stucker@example.org,,244.0
506,David Dunn,625.778.8927,margaret03@example.net,,291.0
507,Holly Young,(716)396-2390x085,fernandezjohn@example.net,Sanchez and Sons,327.0
508,Aaron Reyes,+1-654-650-3275x791,jacobwood@example.net,Evans Inc,381.0
509,Hoover-Martin,001-689-571-1787,timothyhall@example.net,Mccullough Ltd,169.0
510,Roberts-Jones,001-823-894-1629,jsalas@example.com,Cruz LLC,36.0
511,Taylor Lucas,+1-889-591-2092x861,ryan67@example.org,Glenn and Sons,347.0
512,Palmer Ltd,973.507.8631,erobinson@example.net,"Smith, Perkins and Moon",184.0
513,Tammy Mills,+1-428-929-4221x73798,david12@example.net,Matthews-Reed,28.0
514,Lewis and Sons,5675814429,knightjackson@example.net,,251.0
515,Stephanie Alexander,424-996-0722x4638,michaelharrell@example.net,"Hicks, Johnson and Morales",118.0
516,Miguel Sanders,4963713884,franklindaniel@example.org,,271.0
517,Jones Group,+1-581-712-1266x2217,ryangiles@example.org,,156.0
518,Foster-Sullivan,791-967-7255x2220,armstrongerin@example.net,Hunt-Larsen,331.0
519,Long-Hughes,(878)743-8297,smithalexander@example.org,,360.0
520,"Woods, Johnson and Christensen",8575739709,zwatkins@example.com,,212.0
521,"Mclaughlin, Turner and Scott",479-551-5736x69183,richardsontodd@example.net,Russell and Sons,165.0
522,Christopher Cox,(461)703-3072x05189,suzanne91@example.net,"Cruz, Kirk and Strickland",141.0
523,Stacey Smith,5855268406,toni15@example.com,Bennett Ltd,80.0
524,Joel Chapman,871.754.4803x275,lori11@example.com,Harvey-Holland,262.0
525,"Green, Burke and Jones",410-959-3248x872,donnathomas@example.net,,308.0
526,Peggy Dunn,291-246-7833x2990,thompsontyler@example.net,,277.0
527,"Collins, Hughes and Kelley",757.845.7611,osimpson@example.com,Hanson LLC,390.0
528,Daniel Ryan,298.370.4557x031,dgonzalez@example.net,,91.0
529,Robert Taylor,001-876-200-7401x50128,smithcarol@example.org,,343.0
530,Steven Leon,001-819-986-6932x806,tclark@example.com,,246.0
531,Joseph Aguilar,357.788.2143x4434,nherman@example.net,Warren PLC,163.0
532,Christopher Jimenez,3022446220,vincentwilliam@example.org,Beck-Lewis,263.0
533,Kristen Floyd,336-296-3766x43078,hoffmanjoseph@example.org,,285.0
534,Craig-Wood,5737716578,martinezjames@example.net,Velasquez LLC,163.0
535,Justin Mccarthy,287.573.5137,aaronwhitaker@example.org,"Burke, Hardy and Lindsey",183.0
536,Kathryn Sanchez,309-723-9006,ellenpeterson@example.net,Jones-Mckenzie,161.0
537,Samantha Tyler,001-352-335-6805,brenda19@example.com,Martinez Ltd,59.0
538,Kevin Briggs,394-345-1741x826,armstrongkyle@example.org,Powers PLC,362.0
539,"Wang, Mcconnell and Robinson",778.322.2326,kristin90@example.org,,31.0
540,Stevens-Hawkins,293.768.9505,sullivanjesus@example.net,"Espinoza, Flores and Woods",93.0
541,Tyler Carter,3594203173,alicia50@example.com,,304.0
542,Christopher Cook,001-837-443-1662x346,wendyshelton@example.net,Blackburn-Hartman,384.0
543,Philip Moran,520-913-9492,michael41@example.com,,276.0
544,Brian Farley,(912)620-3343,alexandra89@example.org,"Walker, Clements and Dunlap",278.0
545,Allen-Mcclure,985.453.7772,tylerpayne@example.com,"Johnson, Ellison and Cain",325.0
546,Rodriguez Ltd,725-806-4311x394,patriciamcgee@example.net,"Nelson, Rogers and Reilly",273.0
547,Kristin Riley,361.407.3032,andreasampson@example.org,,266.0
548,Robertson-Edwards,601.701.6881,kjohnson@example.org,,112.0
549,Joshua Erickson,(694)438-0946,francisreginald@example.org,Reed-Young,221.0
550,Ortiz and Sons,+1-542-565-3938x24693,kimberly19@example.org,Rice-Parks,330.0
551,Albert Gonzales,001-925-841-8815x197,shannon07@example.net,"Moore, Moon and Daniel",377.0
552,Laurie Keller,994.894.8798,tamara88@example.net,,102.0
553,Kirsten Arnold,2783424680,brian63@example.org,Terrell Inc,319.0
554,Alicia Smith,001-258-988-8754x70230,lori60@example.net,,165.0
555,Hoover-Patterson,(811)776-4353x35875,adamreyes@example.org,Perez-Kemp,71.0
556,Renee Turner,367-330-1098x897,ddonaldson@example.com,,306.0
557,Anthony Adams,(291)940-4204x54678,riley31@example.net,"Bradley, Mccarthy and Brown",369.0
558,Daniel Martin,001-210-328-9826,antoniobernard@example.net,Larsen-Ross,121.0
559,Barker-Taylor,(975)395-0756x2859,villarrealcarlos@example.org,,326.0
560,Trujillo-Garcia,288-254-6596x767,pbennett@example.net,,366.0
561,"Walsh, Zimmerman and Jackson",578-737-2820,pamelaanderson@example.org,,205.0
562,Cindy Howard,636.693.6836x085,davenportgeorge@example.com,,289.0
563,James Todd,293-532-3394x65846,clementsmichael@example.net,Young and Sons,47.0
564,Rachael Sanchez,387.267.3650,gregory91@example.net,Farley Ltd,358.0
565,"Williams, Miller and Lawrence",001-926-237-7237x03922,kevinswanson@example.net,,179.0
566,"Harvey, Maxwell and Sloan",001-206-400-0782x45753,jamesjones@example.com,Young-Cabrera,7.0
567,Tyler Johnson,8759685697,jstephenson@example.net,,153.0
568,Laura Jenkins,7857828572,hodgesrandy@example.com,"Patterson, Campbell and King",314.0
569,"Davis, Duncan and Douglas",(205)605-9695,jwilson@example.org,,284.0
570,Monica Dodson,615.262.9249,vmccarthy@example.org,,387.0
571,Benjamin Vazquez,820.597.8736,lisa25@example.com,,360.0
572,Victoria Ward,+1-411-360-1846x30134,schneideranthony@example.org,,95.0
573,Shawn Rivas,+1-648-384-5175x037,wademelanie@example.com,Cox Inc,23.0
574,Mark Strickland,714-869-6159x88378,darlenelee@example.net,,102.0
575,Reyes-Kennedy,928.406.0575,ellisonandrea@example.com,"Gould, Miller and Thomas",53.0
576,Laurie Bernard,4042429179,christinawatts@example.com,Ramirez Ltd,240.0
577,"Mendoza, Guzman and Johnson",886.432.7916x9317,dillonkevin@example.org,"Lam, Dixon and Soto",24.0
578,Brian Powell,943.234.4432x320,gbrown@example.com,"Hicks, Reynolds and Whitaker",130.0
579,Morgan Young,260.558.7213,dmccarthy@example.net,,64.0
580,Amber Miller,(410)319-0845x5176,christina57@example.org,Dickson Ltd,19.0
581,Hall Group,(738)343-1514x5626,tvasquez@example.net,,288.0
582,Pruitt Inc,(787)653-5101x091,dylan76@example.org,,2.0
583,"Little, Powell and Mendoza",416-224-5088x9427,zfuller@example.net,"Hayes, Mahoney and Bryant",111.0
584,Corey Glenn,001-966-950-7911x13952,adrienne65@example.net,,365.0
585,Campos-Knight,8436457826,brian09@example.com,"Walker, Taylor and Peters",362.0
586,Jody Callahan,7226837111,ubutler@example.org,Hall Group,339.0
587,Herman PLC,2124185899,deborahbass@example.net,,341.0
588,Ashley Gilbert,(319)478-1214x455,omullins@example.org,"Rhodes, Howard and Burch",266.0
589,Larry Gray PhD,+1-448-740-6283x7103,wendy48@example.org,,322.0
590,Brett Reyes,(706)357-6243x656,mirandasteven@example.net,,154.0
591,Amy Young,(205)778-8099x0199,hcampos@example.org,,276.0
592,Laurie Goodman,001-218-848-7812x9392,wilsonmichael@example.com,Mcbride-Pennington,370.0
593,Judith Johnson,+1-681-353-4178x7566,jean66@example.net,Wade PLC,343.0
594,"Williams, Perez and Mclaughlin",+1-348-552-3258x87448,bryanjimenez@example.net,,260.0
595,Mcintosh PLC,284.227.9037x28213,sullivanjacob@example.com,,169.0
596,Lori Nelson,(609)363-4655,wwells@example.org,,345.0
597,Hicks Group,001-737-447-6798x04039,gilljamie@example.com,,51.0
598,Lewis PLC,(573)566-0756,reiddarius@example.com,,265.0
599,"Duncan, Garcia and Marsh",001-474-972-4710,erodriguez@example.com,,331.0
600,Adam Johnston,8405804719,johnwheeler@example.com,"Martinez, Dickson and Nicholson",126.0
