payment_method_number,method_name,details
1,Credit Card,acct-waWg-####
2,Credit Card,acct-IlwU-####
3,Cheque,acct-YQOz-####
4,Cash,acct-kWtC-####
5,Credit Card,acct-lJAm-####
6,Bank Transfer,acct-LWql-####
7,Cash,acct-Pafk-####
8,Cheque,acct-Ykpr-####
9,Credit Card,acct-fsKK-####
10,Cheque,acct-lMaY-####
11,Cash,acct-aMSP-####
12,Cash,acct-AzkS-####
13,Cash,acct-CciA-####
14,Online,acct-zaqv-####
15,Online,acct-dLxB-####
16,Bank Transfer,acct-mleE-####
17,Cash,acct-sPcb-####
18,Cash,acct-ToNe-####
19,Credit Card,acct-dVWf-####
20,Bank Transfer,acct-Kopx-####
21,Bank Transfer,acct-WmIN-####
22,Cheque,acct-likt-####
23,Cash,acct-DffL-####
24,Credit Card,acct-oyaS-####
25,Cheque,acct-cAbH-####
26,Online,acct-jDFQ-####
27,Cash,acct-cuzr-####
28,Bank Transfer,acct-zhRV-####
29,Cash,acct-AdEB-####
30,Cash,acct-izsn-####
31,Online,acct-THTw-####
32,Credit Card,acct-aaKu-####
33,Credit Card,acct-oDlm-####
34,Credit Card,acct-rBfC-####
35,Cheque,acct-BQjo-####
36,Credit Card,acct-Rhnm-####
37,Cheque,acct-YAha-####
38,Online,acct-PYNq-####
39,Cash,acct-sTfB-####
40,Cheque,acct-timT-####
41,Online,acct-gywr-####
42,Cheque,acct-shVm-####
43,Online,acct-DlDE-####
44,Credit Card,acct-QyHx-####
45,Credit Card,acct-EAWc-####
46,Online,acct-BSnY-####
47,Bank Transfer,acct-qMsl-####
48,Online,acct-NcrB-####
49,Cheque,acct-ZeEu-####
50,Online,acct-vgGJ-####
51,Cash,acct-CbfF-####
52,Bank Transfer,acct-NNKm-####
53,Online,acct-ltSl-####
54,Bank Transfer,acct-cksJ-####
55,Bank Transfer,acct-oCtr-####
56,Online,acct-XreX-####
57,Online,acct-Fkor-####
58,Credit Card,acct-wBXv-####
59,Online,acct-YmGy-####
60,Online,acct-KqCK-####
61,Credit Card,acct-Wakw-####
62,Credit Card,acct-sXIx-####
63,Cash,acct-VoyW-####
64,Online,acct-iAJK-####
65,Cheque,acct-crSD-####
66,Bank Transfer,acct-lmHB-####
67,Credit Card,acct-UTre-####
68,Online,acct-PaaM-####
69,Cheque,acct-voGv-####
70,Bank Transfer,acct-OuEV-####
71,Online,acct-rlfz-####
72,Cheque,acct-Urpu-####
73,Bank Transfer,acct-XLMb-####
74,Cheque,acct-ZcLX-####
75,Credit Card,acct-oEIe-####
76,Online,acct-qRBd-####
77,Cheque,acct-tFPO-####
78,Cheque,acct-AVgs-####
79,Online,acct-oDGH-####
80,Bank Transfer,acct-qrnD-####
81,Online,acct-dzUy-####
82,Cheque,acct-fIWC-####
83,Cash,acct-PwAq-####
84,Bank Transfer,acct-ADiR-####
85,Cheque,acct-yWoz-####
86,Cash,acct-JZYe-####
87,Bank Transfer,acct-xQtS-####
88,Credit Card,acct-fHxH-####
89,Online,acct-VMKc-####
90,Bank Transfer,acct-djCE-####
91,Bank Transfer,acct-SkKh-####
92,Cheque,acct-aXHt-####
93,Cash,acct-vcSD-####
94,Bank Transfer,acct-PJyb-####
95,Online,acct-spxA-####
96,Bank Transfer,acct-WBcv-####
97,Bank Transfer,acct-coTp-####
98,Cheque,acct-CrBL-####
99,Bank Transfer,acct-Gpnb-####
100,Cash,acct-zEPC-####
101,Cheque,acct-Qnbz-####
102,Credit Card,acct-ESYh-####
103,Credit Card,acct-JilV-####
104,Cheque,acct-lAAE-####
105,Cash,acct-KPrX-####
106,Cheque,acct-fNbX-####
107,Cheque,acct-GCGP-####
108,Cheque,acct-GBvn-####
109,Cheque,acct-GWvR-####
110,Bank Transfer,acct-MZcy-####
111,Online,acct-EWnK-####
112,Credit Card,acct-AntR-####
113,Cash,acct-kSGS-####
114,Bank Transfer,acct-NGWE-####
115,Credit Card,acct-zbVu-####
116,Online,acct-ZOub-####
117,Cheque,acct-QOtK-####
118,Online,acct-iihS-####
119,Credit Card,acct-DdqP-####
120,Credit Card,acct-JBWS-####
121,Bank Transfer,acct-WeIz-####
122,Bank Transfer,acct-RUCb-####
123,Cash,acct-Aznl-####
124,Cheque,acct-dWez-####
125,Online,acct-WkKR-####
126,Cheque,acct-aEmZ-####
127,Online,acct-LLlX-####
128,Cheque,acct-GNfR-####
129,Credit Card,acct-KIkF-####
130,Credit Card,acct-hJjA-####
131,Cheque,acct-SuXn-####
132,Cash,acct-XZoD-####
133,Credit Card,acct-fDVa-####
134,Cash,acct-IBtN-####
135,Credit Card,acct-qkzL-####
136,Bank Transfer,acct-skbn-####
137,Bank Transfer,acct-TSLI-####
138,Cheque,acct-RQpf-####
139,Online,acct-RXpu-####
140,Bank Transfer,acct-tROM-####
141,Credit Card,acct-Sbhs-####
142,Credit Card,acct-wXKN-####
143,Bank Transfer,acct-ACby-####
144,Bank Transfer,acct-MleN-####
145,Online,acct-vICm-####
146,Bank Transfer,acct-axqM-####
147,Cheque,acct-Hkro-####
148,Online,acct-JGVX-####
149,Bank Transfer,acct-rQYp-####
150,Credit Card,acct-ZdSj-####
151,Bank Transfer,acct-YSRV-####
152,Cheque,acct-eDUI-####
153,Cheque,acct-hAEG-####
154,Credit Card,acct-ayOy-####
155,Online,acct-PrQo-####
156,Credit Card,acct-RhvP-####
157,Bank Transfer,acct-HLWW-####
158,Credit Card,acct-dgyP-####
159,Online,acct-qXLU-####
160,Cash,acct-QjPG-####
161,Credit Card,acct-fvam-####
162,Online,acct-CXch-####
163,Cash,acct-EdMj-####
164,Online,acct-AOtc-####
165,Online,acct-Cdnb-####
166,Cash,acct-GOIc-####
167,Credit Card,acct-HOeD-####
168,Cash,acct-kzjH-####
169,Credit Card,acct-kMAJ-####
170,Online,acct-lPXs-####
171,Credit Card,acct-tHuW-####
172,Cheque,acct-bQbD-####
173,Cash,acct-jHGQ-####
174,Cash,acct-LvKl-####
175,Bank Transfer,acct-PPDO-####
176,Online,acct-rfeA-####
177,Online,acct-IaBL-####
178,Credit Card,acct-RhUM-####
179,Cheque,acct-yhkZ-####
180,Online,acct-Ezzi-####
181,Cheque,acct-aJcH-####
182,Bank Transfer,acct-ibpN-####
183,Cash,acct-hDdO-####
184,Cheque,acct-WZlA-####
185,Online,acct-mRqr-####
186,Cash,acct-rnuZ-####
187,Cheque,acct-MyOP-####
188,Cheque,acct-lPqv-####
189,Credit Card,acct-HRFa-####
190,Cash,acct-flaV-####
191,Cheque,acct-VsZQ-####
192,Credit Card,acct-Qjtk-####
193,Online,acct-QxnA-####
194,Cheque,acct-MbLf-####
195,Credit Card,acct-joDx-####
196,Credit Card,acct-palJ-####
197,Cash,acct-rKCz-####
198,Credit Card,acct-TdpN-####
199,Cheque,acct-yPWC-####
200,Bank Transfer,acct-aiWs-####
201,Online,acct-pyui-####
202,Cheque,acct-WStc-####
203,Cheque,acct-wwoS-####
204,Online,acct-WBqG-####
205,Online,acct-WfSI-####
206,Credit Card,acct-CYxX-####
207,Cheque,acct-rRbp-####
208,Credit Card,acct-zSrG-####
209,Cash,acct-Ijhw-####
210,Credit Card,acct-TKCF-####
211,Cash,acct-pHxr-####
212,Bank Transfer,acct-TzAj-####
213,Cheque,acct-mioB-####
214,Cash,acct-cyzZ-####
215,Bank Transfer,acct-DMXN-####
216,Online,acct-HAsL-####
217,Credit Card,acct-eixL-####
218,Bank Transfer,acct-tKFQ-####
219,Cash,acct-liVd-####
220,Cheque,acct-qlMH-####
221,Online,acct-ylkA-####
222,Online,acct-KNia-####
223,Bank Transfer,acct-yAze-####
224,Bank Transfer,acct-DKLA-####
225,Credit Card,acct-lmwy-####
226,Online,acct-NLMQ-####
227,Online,acct-jLVM-####
228,Credit Card,acct-YUJp-####
229,Cheque,acct-nuWJ-####
230,Credit Card,acct-VEzJ-####
231,Cash,acct-GDTF-####
232,Cash,acct-CNlx-####
233,Bank Transfer,acct-XBat-####
234,Credit Card,acct-hpqH-####
235,Credit Card,acct-ldHZ-####
236,Bank Transfer,acct-qMpg-####
237,Cheque,acct-umMH-####
238,Credit Card,acct-VmWM-####
239,Online,acct-fjiz-####
240,Credit Card,acct-abae-####
241,Cheque,acct-stdP-####
242,Credit Card,acct-QSDz-####
243,Online,acct-jNUV-####
244,Cash,acct-eYtV-####
245,Cash,acct-PQoc-####
246,Cheque,acct-sUKe-####
247,Cheque,acct-nthb-####
248,Online,acct-nHZK-####
249,Cash,acct-FujO-####
250,Cash,acct-IEic-####
251,Cash,acct-LNIB-####
252,Cash,acct-PuQy-####
253,Online,acct-tkVY-####
254,Cheque,acct-QSis-####
255,Cheque,acct-avNT-####
256,Bank Transfer,acct-PjdH-####
257,Cheque,acct-lovo-####
258,Cash,acct-bKFB-####
259,Credit Card,acct-BMZg-####
260,Cash,acct-NqJN-####
261,Cash,acct-ziKX-####
262,Cheque,acct-IcPx-####
263,Bank Transfer,acct-zIia-####
264,Online,acct-fEQx-####
265,Credit Card,acct-pOaC-####
266,Credit Card,acct-NAAg-####
267,Bank Transfer,acct-HBKv-####
268,Cash,acct-EjWW-####
269,Online,acct-PUPX-####
270,Online,acct-satp-####
271,Online,acct-YtFq-####
272,Cheque,acct-hTku-####
273,Cash,acct-oeQm-####
274,Credit Card,acct-EQNu-####
275,Credit Card,acct-zgad-####
276,Cash,acct-FFFm-####
277,Credit Card,acct-PkeF-####
278,Cheque,acct-wdoA-####
279,Online,acct-fWKW-####
280,Credit Card,acct-Qlcj-####
281,Cheque,acct-SvNV-####
282,Online,acct-LMUe-####
283,Cash,acct-LmHE-####
284,Cash,acct-mnDc-####
285,Cheque,acct-mtUl-####
286,Cheque,acct-Zstr-####
287,Cheque,acct-CsJM-####
288,Credit Card,acct-aXrF-####
289,Cash,acct-BbCV-####
290,Credit Card,acct-IAiX-####
291,Credit Card,acct-ouea-####
292,Online,acct-SEAu-####
293,Cheque,acct-eXWM-####
294,Credit Card,acct-eYEO-####
295,Online,acct-cSJX-####
296,Bank Transfer,acct-wfES-####
297,Online,acct-pQkI-####
298,Bank Transfer,acct-Lwfr-####
299,Bank Transfer,acct-wymq-####
300,Bank Transfer,acct-cMeJ-####
301,Bank Transfer,acct-YwGa-####
302,Cheque,acct-wwIV-####
303,Credit Card,acct-fUVZ-####
304,Credit Card,acct-guCq-####
305,Bank Transfer,acct-rTZN-####
306,Credit Card,acct-zQxp-####
307,Bank Transfer,acct-MQhz-####
308,Credit Card,acct-dPFE-####
309,Online,acct-adsa-####
310,Cheque,acct-LpZa-####
311,Cash,acct-Ttut-####
312,Bank Transfer,acct-hIrb-####
313,Online,acct-WpMY-####
314,Online,acct-TIjl-####
315,Cheque,acct-fZIb-####
316,Cheque,acct-RnLy-####
317,Bank Transfer,acct-zXkX-####
318,Bank Transfer,acct-VUcp-####
319,Online,acct-GxIJ-####
320,Online,acct-zRrO-####
321,Cheque,acct-SVbQ-####
322,Bank Transfer,acct-CIIa-####
323,Bank Transfer,acct-jzuk-####
324,Online,acct-MSvf-####
325,Cash,acct-ysSB-####
326,Online,acct-TMnn-####
327,Cash,acct-UpvU-####
328,Bank Transfer,acct-Aimd-####
329,Online,acct-mMDt-####
330,Cheque,acct-qbGG-####
331,Credit Card,acct-dWXB-####
332,Bank Transfer,acct-FcGU-####
333,Bank Transfer,acct-MJEc-####
334,Online,acct-MkcR-####
335,Credit Card,acct-ThMS-####
336,Credit Card,acct-NfIU-####
337,Credit Card,acct-SOso-####
338,Online,acct-ffmR-####
339,Online,acct-jZyy-####
340,Cash,acct-ggvI-####
341,Cash,acct-rJvJ-####
342,Cash,acct-dvkZ-####
343,Cheque,acct-zplQ-####
344,Bank Transfer,acct-hhMP-####
345,Cash,acct-zcsD-####
346,Cheque,acct-ZRRk-####
347,Cheque,acct-jbuo-####
348,Online,acct-MERa-####
349,Credit Card,acct-EErx-####
350,Credit Card,acct-TrsE-####
351,Cash,acct-USYd-####
352,Bank Transfer,acct-IRRX-####
353,Bank Transfer,acct-iOmf-####
354,Bank Transfer,acct-CWes-####
355,Cheque,acct-yVeN-####
356,Cheque,acct-KvUp-####
357,Cheque,acct-KrAY-####
358,Online,acct-FZyA-####
359,Cheque,acct-iAlp-####
360,Bank Transfer,acct-uSWK-####
361,Bank Transfer,acct-yaxo-####
362,Credit Card,acct-aiVy-####
363,Bank Transfer,acct-eVIt-####
364,Cheque,acct-bixF-####
365,Cheque,acct-JCan-####
366,Cash,acct-yHzd-####
367,Online,acct-vdzp-####
368,Bank Transfer,acct-czzp-####
369,Online,acct-Baxc-####
370,Bank Transfer,acct-iUHP-####
371,Credit Card,acct-fPOB-####
372,Credit Card,acct-raNI-####
373,Online,acct-Lhan-####
374,Cheque,acct-LcLh-####
375,Cash,acct-kdZV-####
376,Bank Transfer,acct-pObj-####
377,Bank Transfer,acct-xibM-####
378,Cash,acct-qvkS-####
379,Online,acct-mXDW-####
380,Online,acct-xKDS-####
381,Bank Transfer,acct-Mxoh-####
382,Credit Card,acct-KPlz-####
383,Cash,acct-cdNT-####
384,Bank Transfer,acct-IBci-####
385,Credit Card,acct-DwFs-####
386,Online,acct-QuqZ-####
387,Credit Card,acct-rOLi-####
388,Cheque,acct-cusV-####
389,Bank Transfer,acct-JMsS-####
390,Cash,acct-svoG-####
391,Credit Card,acct-fhJb-####
392,Online,acct-OJhT-####
393,Credit Card,acct-JMyw-####
394,Online,acct-OwHn-####
395,Cheque,acct-ssWv-####
396,Online,acct-zzkk-####
397,Cash,acct-MYRx-####
398,Cheque,acct-jhFN-####
399,Credit Card,acct-FduS-####
400,Bank Transfer,acct-Ayap-####
401,Online,acct-ZAgZ-####
402,Cash,acct-AitI-####
403,Bank Transfer,acct-BbCa-####
404,Bank Transfer,acct-sCOj-####
405,Cheque,acct-WAzb-####
406,Credit Card,acct-imwZ-####
407,Bank Transfer,acct-exGx-####
408,Cash,acct-bexm-####
409,Online,acct-RaeC-####
410,Online,acct-oRUO-####
411,Online,acct-fBFZ-####
412,Cheque,acct-guBd-####
413,Cash,acct-wHCK-####
414,Bank Transfer,acct-dxil-####
415,Cash,acct-qten-####
416,Cheque,acct-pLut-####
417,Cheque,acct-CKqd-####
418,Credit Card,acct-TyqU-####
419,Cash,acct-Vxng-####
420,Online,acct-RZuS-####
421,Cheque,acct-DLdu-####
422,Cheque,acct-UDhK-####
423,Credit Card,acct-VfWP-####
424,Online,acct-HOKI-####
425,Cheque,acct-zBVt-####
426,Bank Transfer,acct-TzLn-####
427,Online,acct-Bvyh-####
428,Cash,acct-Jpmu-####
429,Credit Card,acct-TMFq-####
430,Bank Transfer,acct-OQJD-####
431,Bank Transfer,acct-zJax-####
432,Cash,acct-RDdX-####
433,Credit Card,acct-lpVS-####
434,Cheque,acct-EEZU-####
435,Credit Card,acct-fIqp-####
436,Cheque,acct-aZPg-####
437,Cash,acct-Klkb-####
438,Cash,acct-MxBF-####
439,Bank Transfer,acct-pnmj-####
440,Bank Transfer,acct-STMS-####
441,Bank Transfer,acct-EnYR-####
442,Cash,acct-inKz-####
443,Cheque,acct-sqcl-####
444,Cash,acct-Jiup-####
445,Cash,acct-WkzZ-####
446,Bank Transfer,acct-DyNL-####
447,Credit Card,acct-Plqk-####
448,Bank Transfer,acct-CEpN-####
449,Credit Card,acct-TkoU-####
450,Cheque,acct-IvPj-####
451,Cheque,acct-cipR-####
452,Online,acct-lbKg-####
453,Online,acct-qSae-####
454,Online,acct-BNmo-####
455,Cheque,acct-WZlH-####
456,Bank Transfer,acct-rsin-####
457,Bank Transfer,acct-tFQe-####
458,Bank Transfer,acct-MLHj-####
459,Cash,acct-MaZR-####
460,Online,acct-Evuf-####
461,Bank Transfer,acct-vrSv-####
462,Online,acct-iydC-####
463,Online,acct-uBKS-####
464,Cash,acct-MNem-####
465,Cheque,acct-Johb-####
466,Bank Transfer,acct-aTzY-####
467,Cash,acct-spnR-####
468,Cheque,acct-jlXW-####
469,Cheque,acct-BOUX-####
470,Bank Transfer,acct-jiFC-####
471,Online,acct-DDnn-####
472,Credit Card,acct-eAUG-####
473,Online,acct-Sczz-####
474,Online,acct-tUEb-####
475,Credit Card,acct-ZCan-####
476,Cheque,acct-Jxdp-####
477,Credit Card,acct-yZcv-####
478,Credit Card,acct-NukN-####
479,Cash,acct-GYti-####
480,Cash,acct-OsfU-####
481,Cash,acct-cOEY-####
482,Cheque,acct-TtUd-####
483,Credit Card,acct-iFrb-####
484,Bank Transfer,acct-RPBE-####
485,Credit Card,acct-YWxG-####
486,Cheque,acct-kBDA-####
487,Cash,acct-ixKa-####
488,Cheque,acct-Bkac-####
489,Cash,acct-pTzm-####
490,Cheque,acct-ZGQw-####
491,Bank Transfer,acct-OYZz-####
492,Cash,acct-YqAU-####
493,Cash,acct-esKC-####
494,Credit Card,acct-ruMF-####
495,Cheque,acct-PLng-####
496,Online,acct-HnLS-####
497,Online,acct-XKRF-####
498,Credit Card,acct-VKIT-####
499,Cheque,acct-rMYe-####
500,Bank Transfer,acct-qMTG-####
501,Credit Card,acct-BcLV-####
502,Cash,acct-Nuua-####
503,Bank Transfer,acct-sMSZ-####
504,Cheque,acct-QnjA-####
505,Cash,acct-XBsn-####
506,Online,acct-iiVo-####
507,Cheque,acct-Lqyg-####
508,Cash,acct-igkT-####
509,Cheque,acct-JLTI-####
510,Cash,acct-ZPeQ-####
511,Cheque,acct-gvNs-####
512,Online,acct-Jvoq-####
513,Credit Card,acct-baSe-####
514,Cash,acct-lRCB-####
515,Cash,acct-VSki-####
516,Online,acct-mLHT-####
517,Credit Card,acct-tFtl-####
518,Cheque,acct-Okvz-####
519,Cash,acct-TDVG-####
520,Credit Card,acct-SFeG-####
521,Cheque,acct-XGHj-####
522,Cash,acct-inCH-####
523,Cash,acct-PIPE-####
524,Cheque,acct-dvQI-####
525,Online,acct-seyH-####
526,Credit Card,acct-dySe-####
527,Cash,acct-UmSU-####
528,Cheque,acct-qKPx-####
529,Cash,acct-ztDV-####
530,Cheque,acct-KMIr-####
531,Cash,acct-zbWR-####
532,Bank Transfer,acct-uGBR-####
533,Online,acct-CNrK-####
534,Credit Card,acct-XYym-####
535,Online,acct-RIpa-####
536,Online,acct-NCjm-####
537,Credit Card,acct-zZhd-####
538,Online,acct-IdKj-####
539,Bank Transfer,acct-Afyz-####
540,Cheque,acct-iagA-####
541,Credit Card,acct-uwuU-####
542,Cheque,acct-CRGA-####
543,Cash,acct-rvFQ-####
544,Bank Transfer,acct-Hzuu-####
545,Cheque,acct-WWwF-####
546,Cheque,acct-wglq-####
547,Credit Card,acct-EBra-####
548,Cash,acct-adyH-####
549,Credit Card,acct-CvHY-####
550,Cash,acct-ZAZH-####
551,Credit Card,acct-isRd-####
552,Cheque,acct-weAy-####
553,Cheque,acct-wqug-####
554,Bank Transfer,acct-jlqt-####
555,Cheque,acct-qeXG-####
556,Online,acct-LNEs-####
557,Cheque,acct-ajZm-####
558,Online,acct-mHAI-####
559,Cheque,acct-BbGX-####
560,Online,acct-ouEc-####
561,Online,acct-UeCb-####
562,Cheque,acct-pAmc-####
563,Online,acct-NtZr-####
564,Bank Transfer,acct-jnGP-####
565,Cash,acct-Adlc-####
566,Online,acct-ZSvU-####
567,Online,acct-dINV-####
568,Bank Transfer,acct-IobM-####
569,Bank Transfer,acct-XrVe-####
570,Credit Card,acct-nrQL-####
571,Cash,acct-aLXB-####
572,Credit Card,acct-OeME-####
573,Online,acct-MFKF-####
574,Bank Transfer,acct-irvj-####
575,Online,acct-Jrhn-####
576,Cheque,acct-xyNr-####
577,Cash,acct-Hatu-####
578,Cheque,acct-cDnw-####
579,Bank Transfer,acct-WXyW-####
580,Bank Transfer,acct-SFtG-####
581,Bank Transfer,acct-aKuF-####
582,Cash,acct-OOoK-####
583,Credit Card,acct-qRbv-####
584,Online,acct-LOWJ-####
585,Online,acct-ciQB-####
586,Online,acct-akTN-####
587,Online,acct-qrjP-####
588,Online,acct-ZcZo-####
589,Credit Card,acct-fwHM-####
590,Cheque,acct-WivH-####
591,Cash,acct-rNbD-####
592,Cheque,acct-mtjc-####
593,Cheque,acct-ogKV-####
594,Online,acct-CQDE-####
595,Online,acct-sIBD-####
596,Credit Card,acct-xNxh-####
597,Cash,acct-QteG-####
598,Bank Transfer,acct-BVrR-####
599,Cheque,acct-HUkm-####
600,Bank Transfer,acct-aGHW-####
