Employee_id,Employee_name,role,phone,email,project_id
1,Brenda Alexander,Manager,7035342342,andrewcameron@smith.com,79
2,Stacey Morgan,Agent,573-555-2896x1122,louis63@hines.com,19
3,Erin Brown,Manager,(489)873-1791,lstone@marquez-fox.info,112
4,Kevin Little,Project Manager,833.473.6346,andrea21@wallace-bell.org,115
5,Marc Simmons,Support,(365)675-4602x73415,sara11@ward.com,153
6,Gary Turner,Agent,892.884.0445,wvaldez@grimes.com,94
7,Jose Hartman,Account,001-775-415-3663x7780,sherry07@flowers.biz,4
8,Alexander Floyd,Manager,(859)399-9663,thomasmurphy@fowler-torres.com,80
9,Cassandra Serrano,Manager,3239164334,april25@myers-mayo.com,121
10,Benjamin Friedman,Agent,(534)967-2994,adrianthomas@summers.com,87
11,Sherry Stevens,Agent,001-814-975-4692x6329,hollydavis@bautista.com,84
12,Andrea Barber,Support,568.215.1185x6724,jonesheather@murray.com,149
13,David Fletcher,Project Manager,277-371-1837x27422,david62@powers.com,67
14,Christopher Klein,Project Manager,508.516.4709x006,jamessmith@hays.com,
15,Stephen Robles,Sales,001-820-868-1558x3938,jasonkelly@smith.com,45
16,Jimmy Jones,Support,+1-495-601-3649x7189,tina62@thompson-gill.com,58
17,Alan Barr,Account,(583)389-0309x1436,nicholasphillips@bennett.com,101
18,Linda Bautista,Manager,(745)708-6403,amberknox@mcneil.com,139
19,Catherine Soto,Account,313.802.3212x9833,frank33@thompson-wright.com,173
20,Christina Huffman,Support,856-462-7768,gillronald@blake.org,162
21,Casey James,Account,546.289.7152x732,travis66@brooks.org,122
22,Andrew Dorsey,Sales,001-223-864-5875,johnjohnson@mccoy-rhodes.com,1
23,Terry Hernandez,Manager,+1-892-401-1669x183,heather88@tanner.com,72
24,Paula Cooper,Support,836-640-2701x168,gregorylopez@gonzalez.net,100
25,Robert Lopez,Agent,001-323-646-7912x1416,anthony37@chambers-garcia.com,59
26,Adrienne Aguilar,Project Manager,938-706-9847,nathan55@everett.biz,166
27,Vanessa Marks,Account,5767209184,qrobertson@smith.com,91
28,Shelley Montes,Project Manager,+1-573-497-6915x67164,tylermiller@davies.info,138
29,Mr. David Jackson,Account,960-325-6434,sdavis@wiggins-huynh.org,85
30,Jamie Love,Agent,+1-586-333-4141x1159,melissafinley@mclaughlin.com,137
31,Emma Diaz,Support,999.431.6087x52437,juliesweeney@johnson.com,87
32,Michelle Mendoza DVM,Agent,260-852-3302x7642,wgregory@myers-rose.com,113
33,Chloe Chase,Agent,425-990-4729,phyllis33@gonzalez.org,75
34,Virginia Hernandez,Sales,+1-820-515-7201x85962,allentracy@carlson.com,56
35,Marie Hill,Agent,(901)611-1783x099,patrickcooke@hamilton.com,46
36,Michael Long,Support,489-281-3129,david29@delgado.net,27
37,Amanda Whitney,Support,(482)960-3408x487,catherine83@garcia.com,134
38,Ronnie Bernard,Manager,001-654-829-6184,qbryant@coleman.com,44
39,Melissa Lee MD,Support,(825)366-0931x41818,coxmatthew@thomas-yates.com,52
40,William Walker,Agent,628-649-7185,jacksonstacey@white-shaffer.net,120
41,Cameron Smith,Project Manager,+1-722-969-4053x96727,stephanie83@reid-miller.com,147
42,Sarah Walters,Agent,001-431-929-0148x7068,sullivanchristina@smith.com,149
43,Mary Knapp DVM,Manager,+1-872-983-2152x850,nathanielwilson@wright.com,22
44,Edward Lewis,Manager,248.907.9705,michael05@lopez.info,72
45,Jose Hernandez,Manager,602.343.7654x5628,wmartin@hamilton.com,89
46,Andrew Foster,Sales,9234741678,vshaw@anderson-rosario.com,74
47,Jonathan Saunders,Project Manager,9563906744,christinadaniel@wright.com,178
48,Jessica Wells,Agent,001-689-523-9231x260,msmith@lin.biz,29
49,Veronica Walker,Sales,708.260.4145x4563,smithdonna@lewis-kennedy.org,8
50,David Henry,Agent,511-608-2555x9895,gmiller@soto.com,138
51,Susan Pena,Manager,571.418.9547,jamespierce@snow-malone.net,175
52,Joan Love,Account,476-688-0294,bauerheather@olsen.net,160
53,Paul Cruz,Sales,(694)632-0293x9087,jeanette81@walker.com,23
54,Charles Stephenson,Agent,603-438-1059x551,mark00@robinson-sanford.com,143
55,Kimberly Irwin,Account,001-464-998-3735x4396,erichardson@crawford.com,117
56,John Blair,Agent,3428269312,zstout@ramsey.com,109
57,Alex Serrano,Sales,(731)342-9001,timothyhart@ochoa-parker.info,44
58,Joshua Adams,Account,2015841862,ronaldhernandez@mitchell.com,61
59,Brian Garcia,Sales,(719)451-5109x226,patriciamcdaniel@roth.info,26
60,Rita Dawson,Account,3228526771,christophercooley@saunders.com,99
61,Michael Gutierrez,Project Manager,(536)868-7887,xrose@shepherd.com,15
62,Samuel Cox,Support,(810)555-2472,briantaylor@padilla.biz,158
63,Brian Perkins,Manager,+1-420-425-2131x096,kaitlinhale@harrison-sharp.info,10
64,Christopher Ibarra,Project Manager,+1-628-520-6678x498,josephdavis@spence-martinez.com,35
65,Colleen White,Sales,001-377-356-6205x634,carrie50@campbell.com,74
66,Adam Browning,Sales,+1-930-234-1990,christopher40@walton-benjamin.net,60
67,James Kelly,Account,001-215-668-1820x967,faithmiller@davis.com,139
68,Kathryn Gay DDS,Project Manager,325.445.9606x339,ballarddouglas@payne-novak.com,152
69,Erik Villa,Manager,649-955-1127,isantos@bonilla.com,155
70,Jennifer Vincent,Account,258.595.5168x740,melissaroberts@hudson.com,130
71,Maureen Bailey,Account,+1-787-711-2166x3651,jacquelinealvarez@gibson-gardner.info,112
72,Erica Johnson,Project Manager,6566730306,thomasjoshua@evans.info,73
73,Mckenzie Green,Agent,965-442-3567,rita96@hoffman.com,106
74,Laura Thomas,Project Manager,2279275164,lfowler@johnson.com,142
75,Patricia Burke,Project Manager,(933)990-5504x481,ibell@mills-hubbard.com,12
76,Jake Tran,Manager,+1-366-346-4911,vgarcia@ho.org,22
77,Sarah Lewis,Manager,+1-861-237-1576,williamadams@baker.biz,157
78,Terry Johnson,Support,(558)895-5296,zpoole@patterson.com,64
79,Kelly Kim,Manager,001-328-219-6482x531,fullerbrittney@montgomery.com,17
80,Nicholas Lucero,Manager,(233)643-8364,courtneylittle@camacho.com,58
81,Dennis White,Sales,853.761.7061x7136,hectorsmith@keller.org,138
82,Grant Reed,Sales,(484)513-9080,roachanthony@robinson.com,37
83,Curtis Davis,Account,676.486.3423x461,chamilton@carlson-nelson.com,101
84,Jessica Bradley,Project Manager,+1-817-220-8496x4985,lisajordan@howard.com,173
85,Richard Martinez,Agent,001-505-537-9538x164,jennifer19@fisher.com,117
86,Robert Jimenez,Manager,(211)972-9596x39040,meaganpowell@hull.com,5
87,Robert Cummings,Support,756-318-5790x64771,brandonsmith@holder.biz,70
88,Corey Barrera,Support,+1-600-740-1041,holly29@wilson-flores.com,69
89,Mary Boyd,Sales,001-677-345-7314,donnamoss@neal.info,113
90,Michael Mcdonald,Manager,671.953.9885,sloanjeffery@cruz-chavez.org,172
91,Chelsea Ramirez,Support,+1-949-912-7113x07240,david81@reynolds-hernandez.net,64
92,Amy Nelson,Support,6669343629,maldonadodebbie@robinson.com,147
93,Joseph Hill,Account,(261)334-7323x5494,sstevenson@jackson.com,47
94,Steven Thomas,Project Manager,+1-276-950-2412x09579,brodriguez@frazier.net,26
95,Patricia Garcia,Support,775.984.7457x054,gina02@chase-hopkins.com,54
96,Mr. Patrick Mcpherson MD,Agent,761.748.7824,rlandry@lee-riley.com,35
97,Jesse Donaldson,Sales,910-672-7284x9824,alexis03@petersen-martinez.info,33
98,Harold Flowers,Manager,325-648-8214x236,kennedymichael@walsh.com,12
99,Linda Thompson,Project Manager,+1-959-423-4268x34414,hdavis@benson-gordon.com,75
100,John Ali,Agent,7804612943,camposphilip@santiago-ford.net,142
101,Angela Nelson,Sales,491-949-7501x98038,pattybowman@turner.com,109
102,Christina Jones,Support,+1-218-313-3170x876,lwebb@skinner.com,116
103,Lisa Reynolds,Support,(623)628-8377,rrichardson@cruz-marsh.info,74
104,Brittany Campbell,Agent,001-760-494-0970,khill@mason-callahan.com,100
105,Kelly Palmer,Project Manager,+1-925-495-7244x6176,heidichapman@bailey.com,125
106,Caitlin Davis,Account,375.233.1266x1094,mhines@pittman.info,123
107,Mark Hawkins,Project Manager,277-343-3268x319,patrickpatricia@schroeder-carroll.com,17
108,Nicholas Bartlett,Account,439.378.5598,egarrett@miller.com,7
109,Kyle Rivera,Project Manager,646-851-2418x9389,aguilarsharon@delgado-johnson.biz,79
110,Stephen Brown,Sales,+1-750-337-1990,claytimothy@nelson.com,61
111,Danny Bell MD,Manager,9002389608,bdominguez@simmons.org,20
112,Greg Hull,Project Manager,219.503.6890,brownsamuel@williams-bailey.com,169
113,James Sandoval,Sales,748-637-5374,luis88@brown.org,147
114,Dalton Taylor,Agent,283-615-2037x7107,fevans@ramirez.biz,169
115,James Wallace,Sales,762.268.0408,lisa93@peterson.biz,144
116,Tanya Goodwin,Account,+1-664-487-6998,preese@velez.com,41
117,Dr. Elizabeth Duncan MD,Support,(944)290-1495x427,owenstammy@little-hawkins.biz,129
118,Angela Prince,Agent,472-444-4723,dannyjohnson@hunter.net,110
119,Miguel Green,Project Manager,9583093511,jameshudson@perry.com,43
120,Richard Rogers,Support,+1-357-549-0250x4290,shelby69@sandoval.biz,108
121,Tina Gay,Sales,+1-718-609-7887,rhonda53@hall-edwards.com,122
122,Tyler Ortiz,Agent,(488)515-7937x639,catherineflynn@edwards-miller.biz,117
123,Mackenzie Barton,Agent,202.416.4871x206,zacharymoreno@strong-gomez.biz,101
124,Barbara Merritt,Support,001-999-810-1576,ugraves@cummings.net,79
125,Adam Watkins,Manager,(857)628-9413x4750,lflores@williams.com,23
126,Laura Gilbert,Account,(342)514-4773x244,codyarnold@fischer.net,81
127,Ronnie Johnson,Account,696-378-2741x1767,jessica15@garner.com,174
128,George Chavez,Support,001-450-861-8538x003,josephhernandez@gross.com,70
129,Ann Black,Project Manager,8616789320,danawashington@best.com,99
130,Mark Harper MD,Account,331-446-7536,donna56@anderson.info,6
131,Alyssa Adams,Agent,(908)554-5667x66404,parkerrobert@hutchinson.com,19
132,Joshua Clements,Agent,(815)558-1083x5832,reneerivera@tran.com,61
133,Nicole Rose,Account,402.644.0330x4166,jonesjennifer@perry.org,26
134,Kevin Myers,Sales,868-304-4731x49764,ehoffman@velez-ferguson.com,128
135,Jonathan Long,Project Manager,001-681-773-9063x75791,davisgary@watkins-miller.biz,165
136,Sara Hodges,Account,001-574-964-5205x99604,susan35@fletcher-robertson.com,115
137,Billy Martinez,Manager,(981)423-7106,kaitlynpayne@smith-wilson.com,10
138,Lisa Watson,Agent,(948)939-5894,sara22@espinoza.com,129
139,Willie Smith,Account,418.375.1097,michaelsmith@hill.org,156
140,Randall Villa,Account,392-413-4249,barbara99@levy-mclaughlin.org,157
141,Aaron Hall,Manager,292-422-7051,uortega@mason-wilson.net,10
142,James Wells,Project Manager,358.819.3242x68774,anthonydiaz@townsend-reed.biz,65
143,Sherri Knapp,Agent,(352)703-7583x0945,lawsonarthur@may-sanders.com,30
144,Tricia Morrow,Support,+1-477-427-8105x092,hflowers@ramos.com,109
145,Joshua Lucero,Sales,+1-390-555-2958x0660,christopher70@franklin-barker.biz,121
146,Sarah Everett,Support,385-415-7919x711,lonniesims@wang.com,4
147,Shawn Harding,Manager,+1-532-640-6424x29563,tiffanygreen@baker-burns.org,152
148,Martin Cole,Manager,6965289365,christopher34@mcdonald.com,178
149,John Morris,Project Manager,+1-790-651-5026x75512,wpayne@gonzales.info,76
150,Kara Sanchez,Project Manager,+1-857-264-0381x664,sandratanner@bender.com,
151,Rachel Brown,Sales,325-476-2702x3244,samuelramsey@cohen.com,101
152,Brett Pierce,Sales,001-737-667-3162x526,wferguson@santiago-cordova.com,54
153,Cassandra Young,Sales,880-399-6132x73034,bvaldez@mitchell.info,115
154,Troy White,Manager,+1-881-971-5160x25298,qvaldez@henderson-brown.biz,162
155,Audrey Roman,Support,757.658.5126x86120,dgraham@williams-parrish.info,124
156,Kyle Wood,Project Manager,340-784-2456x07540,fwright@davis.biz,71
157,Jimmy Williamson,Agent,3157502916,lmorales@scott.biz,177
158,Laura Cooley,Account,001-805-497-3642x480,adam30@sandoval-hill.info,103
159,Danny Fletcher,Manager,894-997-9695,matthew57@murray.info,117
160,Carolyn Price,Project Manager,7916785138,shannon70@weber.org,113
161,Jennifer Hubbard,Account,+1-373-868-2691,victoriaduncan@hancock.biz,34
162,Daniel Lester,Project Manager,451-458-8863x67747,aaron57@jackson.biz,45
163,Mark Montgomery,Support,+1-998-319-9605x932,paulnicole@price.com,127
164,Shaun Thompson,Sales,924-310-3977x39732,johnbowen@smith.biz,31
165,Andrea Butler,Account,001-781-898-0770x460,gcobb@boone.com,67
166,Matthew Thomas,Project Manager,734.915.1773x4547,brooke22@roberts.com,84
167,Mike Bradley,Sales,674.422.2946x4303,michael88@woods-yoder.com,65
168,Kathryn Mills,Support,528.472.7601x5343,santosmichael@hudson-fowler.com,69
169,Heidi Johnson,Project Manager,681-448-8810x79833,hannahbryant@krause.net,73
170,Colton Rivas,Support,(984)903-3399,florescynthia@mendoza.com,145
171,Joshua Lewis,Manager,890-696-1739x9704,markwebb@bean-evans.net,122
172,Michael Gordon,Project Manager,427-305-8772,cody75@mcdaniel.com,111
173,Jonathan Flores,Agent,849-439-2523,markblack@valdez-kramer.com,120
174,Kaitlyn Chase,Project Manager,(224)855-5746x966,zgomez@proctor.com,82
175,Mitchell Phillips,Account,9566658833,sanchezmark@david-watkins.com,136
176,Susan Tucker,Agent,+1-396-901-0548x574,nguyenkimberly@holloway-sawyer.org,113
177,Kristina Gonzales,Support,001-784-788-4021,jackmcdonald@cox-gonzalez.com,45
178,Tasha Taylor,Project Manager,(967)608-0850x96085,navarroannette@norman.com,58
179,Wendy Walton,Manager,277-825-1295x786,hansonpeter@perez.com,95
180,Lauren Saunders,Sales,+1-239-459-2323x4210,murphyleslie@barrett.com,102
181,Devin Mayer,Support,001-850-527-1607x36077,hlawrence@costa.org,78
182,Daniel Shepard,Support,001-256-233-1857x4817,gross@ward-collins.com,118
183,Marissa Perez,Account,+1-467-404-5023x2902,brownleah@guerrero.com,94
184,Timothy Sanford,Support,(212)207-3465x495,onealaustin@mcintyre.net,166
185,Miranda Jackson,Account,8539161177,collinsterrance@anderson-douglas.com,35
186,Paul Christian,Manager,(638)322-3116,johnblair@murphy-dickson.org,6
187,Bonnie Henderson,Project Manager,001-506-403-2020,alexander77@lopez-kane.org,125
188,Daniel Howell,Sales,948-355-2457,bryan56@johnson.info,81
189,Micheal Martinez,Sales,576-781-8268x3230,mcbridemichael@steele.com,109
190,Michael Reid,Account,001-928-796-3406x46867,aaron48@collins.com,131
191,Brenda Castillo,Support,001-836-326-6933x51342,scottchambers@smith-wilson.com,
192,Linda Hall,Account,918-897-2154x0641,oblake@garcia.org,33
193,Samuel Simpson,Manager,(901)544-4856x45101,brittanywade@osborn.info,164
194,Sheila Contreras,Account,+1-819-219-1135x996,kphelps@johnson.biz,16
195,Christopher Mccoy,Agent,546-607-4555,nguyenholly@baker.net,64
196,Nicole Norman,Support,915.459.8354x1165,josephzimmerman@rogers-kim.com,156
197,Erica Rodriguez,Support,684.488.2691x31196,randy61@olsen.org,98
198,Danny Mckenzie,Agent,+1-924-507-3333,phillipstamara@webb.org,17
199,Ryan Carpenter,Project Manager,001-745-546-5535x8512,pollardkristen@erickson.org,169
200,Michelle Newman,Agent,249.907.9779x612,thomas21@gomez.com,94
201,Katherine Padilla,Support,(737)248-4539x8628,briana19@moreno.com,157
202,Kyle Blake,Project Manager,(807)815-1169,vtaylor@davis.com,121
203,Kathryn Lopez,Project Manager,235.215.7184,cody08@smith.com,6
204,Laura Brooks,Manager,(439)772-8351,xmccarthy@romero.com,14
205,Stacy Leon,Support,741-952-9821x7392,qraymond@jones.info,158
206,Amanda Brown,Manager,+1-691-781-5899x88683,sgallagher@simmons.com,70
207,Justin Lynch,Account,240.280.3149x9825,paul58@colon.biz,20
208,Melanie Williams,Support,272-235-1373,rachelwilson@smith-allen.com,22
209,Dr. Jacqueline Monroe,Sales,(529)639-4694,perryrobert@kirby-lopez.info,177
210,Lori Foster,Manager,(731)411-2712,smitchell@foley-green.com,110
211,Stacey Clements,Agent,228.807.7113,farmerlindsay@graham.info,174
212,Randy Bates,Sales,001-835-809-0254x25730,william32@lee.info,4
213,Lindsay Roberts,Sales,(285)401-1688,benjamin13@james.com,80
214,Barbara Walker,Agent,001-881-907-9649,wsalazar@gibson.net,72
215,Dustin Simon,Account,825-406-4207x683,sherifisher@murray-chavez.biz,92
216,Gabriel Ross,Manager,833.793.9578,philipharrison@pearson.org,34
217,Daniel Arnold,Account,+1-868-562-7036x92492,pstewart@anderson.org,132
218,Rachel Miller,Support,3517553234,talvarez@roberts.net,141
219,Brittany Perry,Manager,(388)274-3127,ekennedy@wang.com,43
220,Catherine Shannon,Sales,+1-595-751-5122x94621,gomeztonya@smith-vance.biz,41
221,David Palmer,Account,352.703.4476x5047,monicahouse@navarro.com,153
222,John Price,Support,001-565-958-6652x548,christopher71@gentry.com,155
223,Ashley Jones,Account,329-431-1005,kristi19@brown.com,58
224,Nathan Davis,Manager,+1-933-601-6583x73792,alopez@thompson.com,146
225,Laura Lopez,Account,001-613-525-3269x496,madison38@pena.com,56
226,Amy Brown,Agent,001-609-761-7015x9591,judy75@evans-burns.net,160
227,Christopher Vazquez,Agent,475.767.7722x660,reginaldsmith@whitehead.com,114
228,John Nelson,Sales,9769248433,kvalentine@costa-brown.com,167
229,Michelle Franklin,Agent,787.636.7042,georgealyssa@hardy-roman.com,116
230,Kara Smith,Project Manager,(733)553-5748x59532,tracyharrison@edwards.biz,170
231,Angela Henry,Sales,576-534-2507,michael97@thomas.com,37
232,Maria Rosario,Agent,403-688-4366x0443,pearsonkathryn@richardson.info,110
233,Linda Blake,Agent,374-239-7429x250,uwood@brooks.com,147
234,Louis Hodges,Account,499-508-0271x12218,teresa51@cooper-jones.biz,160
235,Maria Foster,Agent,+1-213-272-1433,timothywilliams@dodson.net,173
236,Peter Santiago,Agent,947.206.8103x90339,perkinsmicheal@sanders.net,113
237,Natasha Campbell,Account,262.939.4535x46147,jackwilliams@newton.com,47
238,Megan Tanner,Sales,(470)739-4380x403,yarroyo@murphy.com,120
239,Kyle Norton,Account,291-600-9004,kdaniel@brown.com,57
240,Jacqueline Ramirez,Agent,301-342-4731x0720,lkane@grant.info,143
241,Brittany Brown,Agent,2073676209,jennifer34@lambert.com,144
242,Whitney Williams,Agent,+1-973-904-5195,donna58@thomas.com,176
243,William Saunders,Support,+1-478-265-6194x25577,carolfernandez@moore.com,2
244,Jason Rodriguez,Agent,819.804.8235x71558,kara13@schneider.com,98
245,Tracy Marsh,Project Manager,(514)236-4381,phillipsjamie@jones.biz,
246,Alexandra Harper,Support,(953)746-9979x9070,scottthomas@mullins-carrillo.biz,172
247,Melinda Vang,Project Manager,3719748113,john70@collins-waters.info,9
248,Anna Sutton,Agent,971.482.7496x80491,melissa04@rivera.com,124
249,Mr. James Garner,Project Manager,001-460-442-3597x37112,ycrawford@jordan.com,55
250,Andrew Graham,Manager,411-345-7683,christopherlopez@griffin.com,87
251,Wesley Douglas,Manager,280-733-2426,rodriguezelizabeth@moreno.com,159
252,Rebecca Lopez,Agent,373.912.6881x2282,johnmolina@ward.com,155
253,Frank Foster,Support,+1-656-979-3279x86239,agreene@hoffman.com,170
254,James Marshall,Support,489-954-7876x9899,holttheresa@black.com,165
255,Linda Perez,Support,693.654.3586,kaylazamora@pham.com,32
256,Heather Daniels,Support,779.482.1433,john74@stevens.com,21
257,James Pierce,Sales,8135477894,jarviscourtney@larson-alvarez.biz,162
258,Christopher Ward,Account,8145188421,smithmatthew@ball.com,76
259,Heather Young,Project Manager,+1-295-432-6389,lisa11@bruce.com,5
260,Stephanie Lowery,Support,503-546-9967,ortizsean@stevenson.org,90
261,Phillip Harris,Sales,(385)850-7896x79352,uclark@sullivan-wright.com,30
262,Shawn Yu,Agent,+1-817-306-9556x0767,michael45@mendoza-jackson.org,72
263,Veronica Diaz,Manager,621-998-0418,donald64@perez.com,103
264,Brandon Williams,Manager,487-362-3039x1114,jennifer28@sanchez.com,48
265,Kayla Smith,Agent,(522)907-2239x5947,reevesfernando@webster.com,135
266,Robert Byrd,Project Manager,+1-886-687-8599,wesleyporter@clark.com,132
267,Tanner Reyes,Manager,(605)873-0362x792,allenperez@king-ross.info,66
268,Julie Perry,Account,821.345.0576,lori87@villa.com,62
269,Eric Hunter,Support,728-240-0838,ncook@reed-nguyen.com,72
270,Laurie Stephenson,Sales,(580)389-8126x57422,preston00@smith-anderson.biz,83
271,Roger Hernandez,Sales,901.420.4713,millersteve@jensen-krause.info,116
272,Kimberly Valenzuela,Manager,+1-658-729-8493x3067,zkaufman@crane.com,33
273,Kristen Richard,Support,872.718.8566,sanchezcindy@jones.biz,170
274,Brittany Kennedy,Account,551-443-7769x36634,carlywatkins@garcia.com,169
275,Katherine Davis,Agent,3072202455,mark09@mcneil.com,139
276,Stephanie Holloway,Account,449-349-8194,eric81@obrien-barker.com,20
277,Mary Neal,Agent,(484)446-6345x337,brownnancy@rodriguez.com,
278,Diane Cook,Sales,001-537-966-1894,eric35@williams.biz,134
279,Julie Levy,Agent,925.765.9202x461,hensonjohn@simpson.com,113
280,Adam Ward,Support,+1-655-801-7833x258,ucarrillo@gibson.org,169
281,Nicole Williams,Agent,5697176799,pbaker@montoya.org,169
282,Aaron Perez,Account,636.206.0148x860,amandatran@wyatt.net,146
283,Matthew Smith,Agent,653-670-1242,rebeccaharris@ward.com,160
284,Christopher Martinez,Support,914.321.7518,kristen51@thompson-drake.net,24
285,Susan Oliver,Account,722-252-8837,bsparks@aguirre.com,56
286,Mark Ayala,Project Manager,001-237-787-6553x0073,deborah60@atkins-miller.com,3
287,Kara Spencer,Agent,290-353-4864,elizabeth24@kidd-ramirez.biz,140
288,Helen Jimenez,Manager,(300)645-2128x99151,pamela29@aguilar.com,153
289,Ryan Pierce,Sales,001-389-784-8416x046,taylorclinton@smith.com,162
290,Deborah Garza,Account,452-429-1073,hsmith@ray-blair.com,159
291,Amy Clark,Agent,684.652.6969,mannjonathan@jimenez.com,176
292,Laura Olsen,Account,+1-232-503-3016x23419,gutierrezmatthew@thomas-ramsey.com,163
293,Jason Keller,Manager,232.636.5337x746,dford@goodman.com,26
294,Stanley Taylor,Sales,(660)578-1975,haleyhill@stuart-nelson.info,8
295,Casey Norman,Account,(638)882-1458x4148,bradleynicole@roach.com,74
296,Vanessa Smith,Sales,586-895-0732x14644,jamescolleen@nguyen.com,26
297,Kim Snyder,Project Manager,+1-501-919-2360,garciaveronica@alexander.com,57
298,David Hull,Account,349-373-1539,bradleybarker@jackson.info,31
299,Stacy Garcia,Agent,001-240-365-5782,james23@williams.com,113
300,Antonio Cole,Support,9138546212,nicholaspatel@cameron.com,168
301,Jason Hamilton,Project Manager,588-989-9572x989,cherylnorton@stewart-obrien.com,175
302,James Nichols,Project Manager,001-812-403-8187,amberhall@allen.net,104
303,Juan Morgan,Account,345-482-2067x323,hendersoncynthia@rojas.info,36
304,Wendy Morgan,Sales,001-900-700-1529x11371,ballvanessa@gray-wilson.net,164
305,Debbie Miller,Project Manager,+1-298-774-7812x248,bwilliams@johnson-greene.com,122
306,Jamie Fields,Agent,(684)582-6691x362,donna54@glover.com,101
307,Amy Clark,Support,+1-298-679-5098x221,grimesjohnny@martinez.com,5
308,Deanna Vincent,Manager,+1-377-838-3638,ericjones@ross.net,91
309,Christopher Sanchez,Account,001-825-486-3144x17064,katherine02@kramer-griffith.com,110
310,Chelsea Lee,Agent,+1-317-764-6448x98803,mariahill@compton.com,57
311,Michael Brown,Support,733.335.3849,lindsayshaffer@davis.info,22
312,Rachel Stephens,Project Manager,591.237.3265,cummingsstephanie@juarez.biz,91
313,Jonathan Russell,Agent,3234009156,haleycook@warner.org,162
314,Susan Rangel,Account,(659)352-0149x1189,jessemoreno@massey-willis.biz,12
315,Nathan David,Manager,637-245-5611,aprilrussell@williams.com,67
316,James Graham DDS,Account,311.226.0030x83566,gailjones@lewis.com,28
317,Robert Hicks,Support,(391)577-6829x38440,leontracie@cooper.info,20
318,Daniel Brewer,Support,3156709085,savannahespinoza@braun-aguilar.com,51
319,Michelle Hanson,Project Manager,001-799-864-8997x18428,markgarcia@barton.org,160
320,Stephanie Rodriguez,Sales,826-369-8069x0872,bcompton@ramos.com,2
321,Matthew Velez,Manager,228.404.0561x29965,amy26@adams.biz,82
322,Benjamin Calderon,Project Manager,+1-776-312-3859,kimberlyross@allen.net,29
323,Amanda Johnson,Sales,530.308.6966x1016,lisarogers@williams.biz,49
324,Diana Carter,Manager,001-750-576-2839x7620,andre77@george-myers.com,138
325,Molly Hines,Manager,+1-329-625-0817x76029,rzuniga@baker.info,147
326,Casey Velazquez,Agent,001-423-356-1781x703,aaronrodriguez@young-palmer.com,56
327,Joshua Bray,Project Manager,233-471-8444,thomasrandall@williams.com,34
328,Daniel Wright,Agent,(378)912-7782x2102,fullerjose@jackson-payne.info,
329,Jeffery Mckenzie,Manager,982-285-6053,hpowell@mendoza-brown.info,34
330,Kelly Aguirre,Agent,(306)882-1223x552,watersamber@giles-mcdaniel.biz,135
331,Kelly Carrillo,Sales,692-559-6790,krista02@mcclain.com,41
332,Melissa Hall,Sales,001-394-684-2495x9881,ggarrett@rivers-potter.com,166
333,Thomas Young,Sales,367.938.2097x461,jcruz@andrews.com,30
334,Kenneth Snyder,Manager,+1-885-880-6235x0405,bcarroll@martinez.com,88
335,Clayton Mills,Agent,001-463-625-9423,michellelee@michael.com,147
336,Philip Bowen,Manager,(556)729-2693,walkervictoria@rodriguez.com,1
337,Tina Herring,Sales,6953744303,sloancarol@williams.com,64
338,Andrew Roberson,Support,(741)554-7155x3132,hluna@allen.info,29
339,Tyler Baker,Project Manager,001-914-210-5276x981,xsmith@young.net,104
340,Steve Mcconnell,Support,(705)798-6787x44227,jessica65@cobb-skinner.com,26
341,Elizabeth Mendez,Account,665-702-0002,charlesyoung@wiley.com,13
342,Aaron Morgan,Agent,936.482.1444x88966,rodneynolan@ball-carter.biz,111
343,Beverly Singleton,Project Manager,(443)518-3281x231,simsclaire@bennett.com,128
344,John Harris,Account,(908)927-6817x225,julie58@baker.org,24
345,Luke Dixon,Manager,(983)516-0827x1721,ucobb@frost.org,125
346,Tammy Nguyen,Sales,(799)393-6216,angelathomas@nguyen.com,154
347,Todd Adams,Project Manager,977.332.6430x9544,lmunoz@smith-duncan.info,165
348,Gary Estrada,Account,001-287-313-7529x88322,randy08@thompson.com,74
349,Teresa Dyer,Sales,(235)685-2386x003,sandrabrewer@wyatt.com,161
350,Carla Clark,Account,5299295014,brianmorrow@ray.com,12
351,Kathryn Franklin,Account,(960)822-1321,brianobrien@nunez.com,99
352,Amanda Williamson,Sales,525.887.3393x049,jared02@curtis-ortega.com,172
353,Richard Thompson,Support,608-868-2509x5229,larsenbrittany@bradford.biz,122
354,Nancy Smith,Sales,001-499-652-9701x371,jmcconnell@fernandez-hughes.com,110
355,Deanna Jones,Agent,9275061592,bruce99@ramos.com,17
356,Kevin Gutierrez,Manager,(548)615-5420,briansmith@velez-sullivan.info,152
357,Steven Parker,Manager,(479)655-4623x471,csmith@brown.com,13
358,Robert Doyle,Project Manager,+1-831-276-4172,burnettelizabeth@rodriguez-watkins.com,67
359,Julie Gonzalez,Project Manager,(971)630-7351x04584,tthompson@johnson.biz,159
360,Scott Rhodes,Support,(869)447-0318x05339,mary66@miller.com,137
361,Melissa Alvarez,Account,2463661459,griffintodd@martinez-king.com,80
362,Kimberly David,Project Manager,001-294-690-5315x204,hlogan@fowler-wong.com,149
363,Melinda Cervantes,Account,+1-984-916-6123x740,jesusthompson@kim-clark.net,72
364,Susan Forbes,Project Manager,2149262037,davisbrian@guerrero.com,126
365,Timothy Zuniga,Sales,459.398.9897,uestes@gordon.net,107
366,Sarah Waller,Sales,948-722-1758x839,ryanbryan@green.biz,176
367,Melvin Poole,Support,469.914.9611,carolhenderson@hernandez.info,164
368,Kevin Perez,Support,919-661-5607x832,jennifer51@carpenter-trevino.biz,138
369,Andrew Jacobs,Account,001-949-666-8349x604,wallaceeric@garcia-thomas.com,52
370,Jennifer Daniels,Manager,5892348688,tracifoster@ewing.info,112
371,Marcus Brown,Agent,831-393-5923,thomasrussell@peterson.com,102
372,Jorge Morales,Account,(354)847-2419,marksheidi@johnson-bradley.biz,113
373,Patrick Mosley,Support,001-482-349-8980x88067,ramosrobert@cobb.org,103
374,Lori Valentine,Agent,+1-689-339-6987x486,brianna50@martinez.org,21
375,Michael Woods,Agent,260.551.1716,robertwright@holland.com,106
376,Jamie Smith,Agent,+1-894-624-8942x046,djimenez@mccormick-baker.com,167
377,Sean Burns,Manager,580-797-4533x89062,yliu@dickerson.biz,92
378,Amy Sanders,Account,+1-695-430-0622x122,ebrandt@douglas.com,172
379,Brian Thompson,Sales,258-348-8600,folson@anderson.org,14
380,Richard Smith,Sales,626.542.6121x203,jeremy59@cruz.net,18
381,Madison Richardson,Sales,824.621.8385x45400,justin75@thomas.com,107
382,Brittany Marquez,Manager,989-479-1776x3342,mikaylapeters@cohen-weiss.info,92
383,Mary Brown,Sales,+1-463-604-5306x935,melanie40@hodge.com,139
384,Jennifer Wells,Project Manager,516.752.4445x44608,nmorrison@bush-tran.com,147
385,Kyle Thomas,Agent,284.686.9996x98829,iriley@garcia-franco.com,140
386,Andrew Davis,Sales,001-542-542-3839x728,theresagalloway@dunn.com,168
387,Ms. Kayla Williams,Agent,(221)201-0232,ymurray@williams.net,102
388,Barbara Kelley,Account,756.514.0384,hartmanjoshua@may.org,167
389,Rachel Johnson,Agent,001-707-262-0545x9671,qreynolds@henderson-davis.com,10
390,Elizabeth Miller,Agent,001-934-207-8516x994,kendra36@kelley-phillips.com,150
391,Latoya Howell,Sales,(997)908-3868x8891,anthony96@cox.org,87
392,Allison Wheeler,Project Manager,4128657898,tiffany80@richardson.info,144
393,Ernest Bernard,Manager,474.612.7469x2118,bcase@thompson-thomas.info,51
394,Angela Brown,Account,001-454-221-8545x7056,meganrichardson@page.com,165
395,Colleen Padilla,Sales,(740)672-3247x28289,davisabigail@white.com,54
396,Jason Price,Project Manager,7712058011,gblackwell@miller.com,86
397,Robert Bauer,Sales,001-723-200-7169,sscott@miller.net,91
398,Crystal Brewer,Project Manager,(398)493-6529x44716,lindashepherd@lewis.com,68
399,Andrew Bell,Account,521.774.3574,zmoreno@werner-graham.biz,54
400,Joshua Fritz,Project Manager,288-738-4253x6462,griffinsean@bush-long.info,140
