portfolio_id,portfolio_name,description,Due_Date,escrow,estate_cost
1,Speculative JC,Late seem style everyone sing machine dream key require.,2024-12-09,93635.03,475357.15
2,Balanced UI,Character him check degree increase former.,2025-07-20,182998.49,299329.24
3,Growth NA,Veniam accusantium sunt nemo labore velit error harum tempora saepe.,2025-11-10,39004.66,77997.26
4,Income RB,Harum pariatur reiciendis quam saepe.,2026-06-06,14520.9,433088.07
5,LongTerm ZL,Poor career left anyone here.,2025-09-19,150278.75,354036.29
6,Balanced VW,Quibusdam rerum dolorum aspernatur accusantium molestiae voluptatum.,2024-09-26,5146.12,484954.93
7,Income XP,Wear current after charge call.,2026-03-08,208110.66,106169.56
8,Speculative DS,Cumque non quibusdam beatae reprehenderit vitae autem ad.,2026-03-26,45456.24,91702.25
9,Speculative ZT,Option store drug recent feeling.,2027-03-03,76060.56,262378.22
10,Speculative WI,Architecto officia accusamus in laudantium inventore facere tempora.,2026-10-16,107986.25,145614.57
11,Income BL,Repellat modi laboriosam ipsa quasi eaque sequi rerum assumenda sunt doloribus.,2026-03-17,152963.22,69746.93
12,Balanced VB,Delectus distinctio reiciendis excepturi sunt praesentium eius ab.,2024-02-23,73036.16,183180.92
13,Income UA,Quidem porro officia laudantium recusandae at dolore porro esse neque.,2026-02-19,114017.5,392587.98
14,Income BV,Praesentium earum dolorum blanditiis deserunt blanditiis modi quis.,2024-08-06,49918.45,257117.22
15,LongTerm VE,Voluptate minima eligendi aut deserunt dolorem debitis accusamus modi earum.,2026-02-19,148103.64,23225.21
16,LongTerm SI,Sit nemo iusto ipsam delectus.,2024-11-09,151886.21,85262.06
17,Balanced HE,Asperiores occaecati amet corrupti natus esse voluptatibus blanditiis quisquam.,2027-01-30,16262.9,474442.77
18,LongTerm CC,Voluptatibus esse numquam non qui veniam dignissimos distinctio optio culpa.,2026-02-17,241408.01,404198.67
19,Speculative KA,Porro iusto adipisci enim eligendi similique architecto doloremque eaque.,2025-08-04,76153.44,48836.06
20,LongTerm IO,Step author coach film see notice eye.,2025-10-11,171058.26,220076.25
21,Speculative SZ,Molestiae ipsa nisi suscipit quasi nobis ad dolorem perferendis.,2027-01-14,30509.56,247588.46
22,Balanced KC,Million kind everything young job sport why like impact.,2026-08-20,8597.13,454660.2
23,Income KV,Enim veniam repellendus mollitia iste et eum voluptas illo.,2026-07-31,64695.0,331261.14
24,Income AD,Gun series personal service data near until just recognize building.,2026-10-20,77927.77,260034.01
25,LongTerm TJ,Impact different success box water positive child usually factor relate.,2027-05-02,136677.57,92427.23
26,Speculative EP,Corporis deleniti nobis quia consequatur architecto quo sequi excepturi ratione.,2027-04-10,242396.16,387566.41
27,Growth SU,Neque optio sint ipsum laborum ex quis fugiat ut sit.,2026-03-20,234874.74,447413.68
28,Growth OX,Et labore totam fugit voluptates.,2025-11-21,149474.99,460937.12
29,Growth IG,Soluta ipsam minima itaque quam.,2027-06-27,22123.13,97991.43
30,Income EE,Numquam id aspernatur eveniet perferendis modi veritatis occaecati.,2027-06-30,11306.82,162665.17
31,Income NE,Range explain dinner bed within set region beyond coach federal ahead.,2027-03-03,97169.32,135674.52
32,Speculative SW,Corporis minus natus recusandae cumque aspernatur sit nulla dolores.,2024-10-08,207184.38,178376.66
33,LongTerm OQ,Pariatur tempore iure enim molestias asperiores veniam.,2026-07-02,70233.63,271348.04
34,Growth SQ,Dicta harum laboriosam dolores nemo nemo voluptatibus.,2023-11-17,35231.06,401098.49
35,Speculative RA,Seat strategy total simply discover soon despite couple economy sense.,2026-06-15,18637.66,493443.47
36,Speculative OP,Small almost half capital travel force indeed.,2024-05-06,193061.19,99357.84
37,LongTerm HG,Ducimus repudiandae laboriosam rem quia excepturi.,2025-10-10,1380.53,407730.71
38,Speculative JW,Whose source hand so add Mr lawyer pull.,2026-04-09,176714.34,364503.58
39,LongTerm OX,Likely people wall foreign particular positive play.,2027-08-26,192817.59,37022.33
40,Balanced PA,Animal also you break doctor Mr.,2025-09-17,89616.43,57934.53
41,LongTerm QV,Quia culpa impedit aut laudantium illum veritatis adipisci fuga ipsam.,2027-06-03,215775.86,311649.06
42,Growth GR,Temporibus officia aperiam eius voluptas veniam repudiandae at distinctio odit.,2023-12-31,82724.51,31779.18
43,Growth PI,Stop never only spend do.,2027-02-20,77745.58,162591.66
44,LongTerm RJ,Economy company produce ago address so draw food company appear.,2026-01-08,182401.54,318778.74
45,Balanced VE,Quod maiores autem magnam veniam aliquam quos sint maxime.,2026-07-09,221803.19,236107.46
46,Balanced DE,Placeat laudantium tenetur asperiores aspernatur non aperiam eius odio.,2025-05-27,29898.56,356622.39
47,Growth DG,Recusandae beatae omnis soluta mollitia.,2025-08-12,190196.26,280638.6
48,Balanced OA,Id quas est est ducimus veritatis porro labore at.,2024-03-06,192741.79,246897.8
49,Speculative GV,Nam nesciunt natus eveniet commodi explicabo.,2027-06-23,130683.21,213770.51
50,Income SM,Aut magni culpa laboriosam sed expedita nam beatae.,2026-03-23,6354.78,53945.71
51,Speculative ZB,Upon stop environment Congress reflect finally fund accept thank not.,2024-01-30,7857.3,318205.21
52,Growth VO,Second Democrat information game have.,2027-02-01,78589.0,254285.35
53,Balanced DJ,Anyone bank kitchen interest parent increase democratic mention generation book question.,2026-01-09,226891.62,124646.11
54,LongTerm CO,Amet dignissimos veniam quisquam quisquam enim blanditiis libero inventore consectetur.,2025-11-29,102595.73,377775.57
55,Income EZ,Affect TV television office of remember individual boy again.,2024-07-06,57199.54,38489.95
56,LongTerm SX,Such during open model how financial fund four collection.,2026-01-15,72437.86,80610.64
57,Growth XW,Dolores corporis deserunt nobis quis omnis.,2027-01-26,232424.41,404060.19
58,Balanced DW,Officia voluptates eum voluptas et ipsam iusto occaecati recusandae nihil.,2025-12-10,158350.94,435730.3
59,LongTerm TD,Animi rerum asperiores sint sequi.,2025-10-01,200918.02,93285.03
60,LongTerm CZ,Painting may whatever late specific study word base.,2023-12-13,223139.75,269671.12
61,Income TC,Minima culpa fuga eligendi illum excepturi nisi ratione officia aperiam.,2026-02-26,201860.04,448045.65
62,Income SQ,Bank professional true financial prevent product can remember.,2025-02-05,79500.87,55025.96
63,Balanced PY,Pariatur repudiandae qui placeat minima officia.,2025-12-11,56983.79,213553.89
64,Income BX,Veritatis exercitationem quisquam deleniti voluptatum culpa.,2027-05-17,204503.69,430365.29
65,LongTerm GX,Then peace others child Congress realize person total.,2023-12-20,1738.03,255373.65
66,LongTerm XR,Particular sell six doctor dream whole six tough create.,2025-09-30,104352.75,111053.91
67,Growth XY,Repellendus reiciendis consequuntur dolorum odit soluta.,2026-10-23,29966.34,168807.59
68,LongTerm SF,Last message store begin treat stage this.,2025-07-19,235727.43,161601.47
69,Balanced ZG,Harum aspernatur dolore eum aut quaerat excepturi.,2024-05-14,129697.66,351509.48
70,Speculative SE,Large accept bad eight strong nature road month book.,2024-10-17,90907.4,485891.04
71,Growth HD,Police performance artist student matter movie place offer responsibility.,2025-08-10,240611.82,125891.15
72,Growth NW,Indicate professor beat window attack moment medical write never hospital.,2023-12-20,124312.13,150439.15
73,Balanced XQ,Small general run pick sign same forward and.,2027-03-30,71210.12,18443.47
74,Balanced XR,Occaecati repellat aperiam quod itaque eos aliquam dicta aliquam.,2025-12-22,152391.08,251339.51
75,Income IE,Quidem deleniti explicabo quos sint.,2024-12-11,12869.69,139323.23
76,Growth ZX,Quia tempora harum voluptate libero libero unde maxime.,2026-11-16,227066.47,119780.95
77,Income FB,Family bill foreign fast knowledge response coach know language risk.,2026-05-26,36223.72,244726.38
78,LongTerm RO,Provide image message seek civil.,2024-05-22,246412.61,121027.64
79,Growth CI,Sing hand him note painting quickly we.,2025-09-02,168033.89,380809.81
80,Growth KI,Et eius vero ad delectus maxime totam blanditiis.,2026-10-11,59409.39,364108.17
81,Speculative NN,Dicta consequatur asperiores cupiditate quae voluptatum repellat voluptas voluptates.,2026-10-20,91945.78,316152.92
82,Growth JI,Sed quae unde odit recusandae magni commodi.,2027-02-25,158382.43,267887.34
83,LongTerm PY,Facere nemo iusto voluptatem consectetur.,2024-01-24,22572.44,417651.25
84,Income ZT,Illum illum nemo commodi et asperiores iure maxime consectetur repudiandae.,2027-01-18,80195.02,93259.26
85,Income BG,Million fight class various different way.,2027-05-20,10193.79,295446.47
86,Speculative QM,Numquam nostrum atque odit nihil neque.,2026-08-02,169391.09,8293.91
87,LongTerm KC,Animal political officer prepare short.,2026-05-31,128023.26,113247.89
88,Income FO,Laboriosam rem placeat error asperiores animi ipsam.,2025-10-04,161293.2,87183.21
89,Balanced VM,Technology floor write generation human set middle blood.,2025-10-07,172734.43,193367.67
90,LongTerm RC,Best face his past eat tend.,2027-03-30,234182.5,68760.47
91,LongTerm KU,Quis libero maiores libero est ad.,2025-12-07,85266.59,56736.76
92,Speculative PN,Amet libero sunt omnis iusto.,2027-05-22,231173.4,438669.68
93,Income BI,Quisquam facilis id necessitatibus deserunt mollitia asperiores magnam.,2027-04-18,64485.41,329992.02
94,LongTerm IG,Recusandae excepturi vel quidem dicta magni magnam aliquid.,2026-10-26,204305.55,277600.41
95,Income ZE,Non maiores eveniet nostrum cum voluptatibus.,2026-04-23,132412.64,120926.15
96,Balanced GG,Error repellendus fuga perferendis voluptatem nesciunt reiciendis quas porro ad.,2024-11-29,23275.69,448607.88
97,Speculative UD,Minima quam quo fugit reprehenderit doloribus.,2024-08-05,225104.51,316550.73
98,Balanced CU,Impedit dignissimos magnam nostrum iusto sed.,2026-10-14,84757.45,174604.79
99,Speculative HN,Minima et cupiditate totam exercitationem explicabo quo quam officia.,2026-05-18,181488.92,448555.13
100,LongTerm MP,Error velit voluptatem quo provident porro laborum laboriosam natus vel.,2025-01-03,221771.61,389937.77
101,Speculative KR,Repellendus veritatis rem enim enim quae expedita ipsam.,2026-12-17,160507.91,42069.98
102,Growth NM,Possimus consequatur nulla nesciunt doloribus pariatur minus odit amet impedit.,2024-03-18,40407.18,449277.09
103,Income AJ,Present thing little practice sense expert experience arrive.,2026-07-23,151607.26,4598.53
104,Income IV,Individual study value already structure small.,2027-10-07,25367.89,331750.88
105,Growth CA,Nobis unde ex iste odit minima suscipit consequatur magnam earum.,2025-03-10,1265.4,80404.03
106,Balanced UD,Accusamus excepturi eos perferendis deserunt nostrum.,2027-04-20,137183.45,345947.6
107,Growth GU,Protect continue cell food easy end dog send.,2025-01-25,162990.31,112134.65
108,LongTerm QP,Aperiam blanditiis esse illo magnam tempora provident.,2026-09-20,178044.81,118624.54
109,LongTerm OS,Dolore vero laboriosam iste voluptates fuga praesentium totam quidem reiciendis repudiandae.,2026-09-04,81349.92,373245.7
110,Income HC,Totam beatae repudiandae temporibus dicta.,2024-06-25,162408.22,424611.71
111,LongTerm HC,Response major together knowledge argue car.,2025-09-22,164403.22,284154.3
112,Income JD,Id repellendus quia neque.,2025-08-02,23418.69,183857.9
113,Growth SE,Worry line expert conference career.,2025-05-17,66300.59,121994.82
114,Growth CY,Placeat optio molestiae officiis expedita.,2026-01-25,243252.64,196548.86
115,Growth HI,Series without leg rest.,2026-01-17,223011.64,315569.31
116,Income OP,Culpa deleniti soluta quisquam adipisci optio nostrum vel.,2024-10-21,198702.83,251318.55
117,Growth EG,Our reflect any scientist I doctor describe tell argue.,2024-10-11,144225.97,246258.85
118,Growth KM,Error corporis optio dolore error aperiam veniam.,2026-06-12,48810.75,361226.06
119,Balanced JF,Walk provide skill five indicate chance heavy senior.,2024-10-22,70193.09,12157.98
120,Growth TT,Trip none whose newspaper care drug data position two.,2024-03-05,161368.07,88555.34
121,LongTerm DR,Nobis sit deleniti quis quam nam laboriosam sit ex vero.,2024-09-07,235114.65,476964.29
122,Income VH,Possimus provident id dolores eum eligendi iure.,2025-02-04,228716.1,185079.35
123,Balanced XG,Atque voluptatem iusto saepe totam fuga impedit natus dolore.,2023-11-08,3864.15,464159.28
124,Speculative JL,Corrupti ex fugit rerum libero omnis placeat.,2027-01-11,107046.04,483327.41
125,Income UP,Cumque recusandae cumque quam laborum totam molestiae odit animi.,2027-05-09,240904.99,426504.73
126,LongTerm QD,Case piece attack character despite lay art point.,2026-08-03,73612.22,192548.86
127,Income BA,Accusantium quam modi enim.,2027-03-19,212784.17,158461.0
128,LongTerm GG,Court money spring environment however health image.,2026-10-01,42373.19,278400.63
129,LongTerm TR,Behavior here need argue act.,2024-02-19,234038.69,348014.9
130,Speculative BP,Voluptate voluptate tempora ullam dolorem temporibus porro necessitatibus earum unde.,2027-08-11,142515.29,48588.25
131,Income LU,Onto sell require huge baby class.,2026-03-12,153751.81,495026.93
132,Speculative RI,Quidem consequuntur voluptates quam magnam voluptate amet ipsa.,2025-03-26,35021.0,259164.83
133,Speculative XU,Situation late direction need heart control one.,2024-02-24,219343.27,370384.31
134,Income ZP,Environmental here six child hope.,2024-03-27,174253.94,351242.04
135,Growth AT,Quis aut assumenda inventore nam maiores aut at.,2026-04-28,89872.79,146795.92
136,Growth YA,Harum assumenda temporibus temporibus voluptatem nemo cumque fugit.,2024-12-04,202340.29,405056.7
137,Speculative RF,Cold every feel site guess.,2026-11-06,216768.08,456620.28
138,Balanced MN,Blood fight we forward per sound forget friend spring.,2025-01-22,127835.6,250758.15
139,Speculative MS,Fire who why fact reason make office drug heavy.,2025-05-03,199573.79,324981.97
140,Speculative KM,Agree road wall decide something story attorney summer some pull.,2026-06-23,175491.72,397896.33
141,Speculative PQ,Smile available wrong look husband media turn reality myself.,2026-10-07,222501.34,168997.58
142,Growth GX,Coach partner none population position whom former someone.,2023-10-30,93895.74,46990.97
143,Growth QO,Hear leg quickly real character young lot far turn.,2024-04-11,144570.04,17971.14
144,Growth WT,Quos maxime expedita atque quam iste architecto aliquid quae.,2027-05-25,116399.5,271322.32
145,Speculative PG,Might necessary former interview left something picture.,2026-07-04,71635.31,295416.63
146,Balanced ZB,Or home relate day sell speak artist big the.,2025-05-04,7625.06,18674.09
147,Growth MD,Provide majority whole finish home hotel box.,2027-05-19,205650.14,180095.32
148,Income NL,Nihil perferendis est dolores blanditiis fuga consequuntur harum nisi nemo in.,2026-06-27,31765.13,261121.63
149,Income JK,Consequuntur et iste amet facere ab consequatur.,2026-03-04,192498.39,107910.51
150,Income AR,Quae ipsam cumque natus recusandae dolore adipisci dolore enim.,2026-03-10,155722.62,42673.73
151,LongTerm JG,Box simple statement happen state among rest national wrong bill.,2025-01-18,12920.43,265677.32
152,Speculative CQ,Ipsa voluptatibus quod dolores repellat.,2027-06-12,135158.78,318714.95
153,Income KN,Spend south now mother others collection.,2025-01-05,181522.83,487926.04
154,Speculative GR,While size try yeah term camera.,2024-11-04,129075.09,161478.24
155,Income TU,Majority officer environmental increase later plant they behavior.,2026-09-27,198796.55,135416.13
156,Balanced DF,A quo quasi quasi itaque optio facere aperiam modi dolor.,2027-04-17,109742.86,39228.19
157,Speculative FR,Excepturi neque necessitatibus laborum exercitationem placeat aliquid.,2026-06-12,6337.69,481324.21
158,Income BH,Lead yeah into yet travel think few themselves theory.,2026-07-26,208995.03,347987.1
159,Growth QF,Amet numquam quas quidem inventore at.,2023-10-15,102238.24,86647.16
160,Speculative EE,Difficult quite act receive stage write institution car audience him.,2024-03-22,39109.26,125121.45
161,LongTerm XT,Similar send card year central most across practice.,2025-04-11,137306.67,357297.96
162,Growth OV,Pattern kind describe to cause but role goal.,2025-02-13,165049.34,139966.95
163,Growth PR,Network outside parent single real summer probably.,2024-08-28,238716.32,368948.46
164,LongTerm VZ,Quos recusandae dolores harum dolores.,2026-01-11,138588.51,305860.37
165,Growth XU,Team nothing half raise several west side admit.,2023-11-04,104900.02,123865.49
166,Growth NC,Media pick may indeed reduce bar Mr pattern.,2024-02-20,88993.17,378923.06
167,Income FG,Movie hospital plant strong race at.,2026-11-20,3598.37,58036.32
168,Income DP,Break partner area program price compare actually case activity.,2025-04-04,11500.66,20364.4
169,Speculative KX,Run brother tonight friend investment model enjoy.,2025-11-22,213865.15,351828.93
170,Speculative GX,Teacher cold church significant thus purpose boy scientist able.,2024-10-27,118543.46,48917.08
171,Speculative EX,Debitis vero alias rem quae omnis.,2025-02-24,122903.97,236735.89
172,Income AU,Repudiandae nemo blanditiis perferendis amet dolore maiores.,2025-06-27,43300.47,216925.82
173,Speculative DS,Assumenda itaque fuga eos quos qui doloribus fuga.,2027-01-26,99626.18,307925.05
174,Growth UI,According improve do get style theory.,2023-10-16,158773.41,22652.0
175,Income VU,Dignissimos voluptatem in vero voluptate.,2026-10-23,93653.15,312929.96
176,Speculative FC,Including time learn security oil measure PM hour option artist.,2024-10-15,125784.06,428244.92
177,Growth QU,Et earum asperiores dicta quod nesciunt culpa cum.,2025-02-12,164673.41,81467.21
178,Speculative HI,Iste iure sequi at rem esse.,2024-09-12,17642.19,321209.64
179,Balanced JF,How any federal star community weight take new.,2024-03-09,6627.83,292887.79
180,Speculative GZ,Activity store work candidate statement head.,2026-04-05,235057.56,287737.09
181,Balanced EB,Total kitchen can toward stop former.,2025-09-29,97042.48,321644.11
182,Speculative KK,Libero fugit incidunt explicabo tenetur eius ipsum corrupti.,2026-07-15,114563.22,272808.39
183,LongTerm FA,Assumenda fugit in odit reiciendis.,2026-06-19,235366.2,193051.32
184,Speculative YY,Molestias laborum totam magnam harum debitis eum dolor tempore.,2024-01-13,240297.64,452675.32
185,Income HW,Beyond prevent entire staff true argue.,2026-03-26,48947.78,34680.65
186,Income WL,Or south recently trial agreement red way.,2026-03-06,25194.5,9110.91
187,Balanced ZF,Laudantium at doloremque dolor minima a.,2027-03-19,23610.74,341503.39
188,Income VT,Arrive challenge relate center book money half authority.,2026-04-11,17797.16,159487.82
189,Growth VT,Voluptate quasi ipsa odit laborum et.,2024-09-24,211218.83,11635.97
190,LongTerm YT,Debitis a praesentium nemo sed quo.,2024-07-22,203617.12,140927.39
191,LongTerm ZN,Bit many former back get floor player white start prove.,2025-09-06,29541.21,348368.58
192,Growth QN,Go skin result answer just.,2024-06-28,157235.71,438736.01
193,Balanced FY,Fugiat repudiandae ratione neque quis dolorem iste reiciendis alias accusantium.,2024-03-24,183767.76,401740.47
194,Growth VK,Quasi molestias tempore at nisi nostrum.,2026-10-12,70508.64,88719.77
195,Growth BP,Threat church big day couple recent reveal role enter example.,2024-03-11,187653.69,403417.37
196,LongTerm ZK,Amet a assumenda reprehenderit numquam laboriosam.,2023-11-22,247626.29,206308.84
197,Speculative KO,Labore blanditiis quos iusto tempora.,2024-03-03,93004.52,388206.48
198,LongTerm LX,Delectus aliquid ipsam ea saepe natus corrupti possimus.,2024-02-24,85200.89,465378.66
199,LongTerm ZI,Dolorem aperiam harum minima vitae porro vel nemo doloremque error.,2027-08-16,214603.19,214497.01
200,Income GK,We last we cold deep cover.,2025-08-01,187717.77,377271.44
201,Growth RB,Challenge organization floor road southern beautiful news need task mind true.,2027-02-16,25780.97,451276.45
202,LongTerm HA,Note old who beyond black single.,2027-06-22,126313.09,413228.73
203,Growth AQ,Nemo labore cupiditate illo nulla perspiciatis illo id soluta.,2023-12-29,80012.4,447761.61
204,Income RX,Stage field exactly man receive better than care.,2027-01-28,97300.42,5418.83
205,Growth RU,Officia deleniti distinctio reprehenderit qui quis sint reprehenderit maiores culpa.,2026-10-20,226345.49,45643.34
206,LongTerm IX,Cover strategy student economic lead truth.,2024-12-12,79828.41,475030.98
207,Growth DG,Perspiciatis doloribus laborum ipsum vero labore.,2025-03-31,237651.79,286718.94
208,Income QV,Agree anyone take sister Democrat determine different.,2024-12-05,157959.3,224222.76
209,Speculative GB,Treatment positive over across education source figure whom poor.,2027-08-05,73302.69,164332.27
210,Growth WD,Iure perspiciatis repudiandae id aut maiores.,2026-03-04,168129.61,376187.26
211,LongTerm TR,As write political technology end represent throughout federal change.,2027-08-11,197894.76,394809.07
212,Income ZZ,Perspiciatis quam omnis voluptatum ea in harum alias.,2025-03-30,22801.53,247210.15
213,LongTerm RI,Magni sapiente saepe soluta debitis atque consectetur ea.,2026-09-03,14389.69,274764.44
214,LongTerm PF,Development the inside thought he one less brother.,2027-06-20,110382.63,443852.09
215,Growth EM,Morning including that character yeah garden would throughout.,2024-05-23,87728.75,58533.51
216,LongTerm TL,Forward would finish around later decide similar office citizen.,2024-05-02,35747.92,380755.32
217,Growth OB,Vitae fugit alias dicta fuga accusamus eum rerum deleniti.,2026-06-13,154554.52,50561.34
218,Speculative OS,Consectetur fugit nihil cumque reprehenderit error enim.,2025-08-17,21026.7,350484.57
219,LongTerm VF,Cumque tenetur repellat accusantium dolore voluptates.,2026-11-27,18190.75,410930.03
220,LongTerm LG,Hand practice also theory eight movement.,2026-04-23,176560.56,40674.39
221,LongTerm QG,Ready indicate herself natural listen.,2024-08-28,21209.43,493319.79
222,Balanced TA,Establish paper case store bit responsibility brother box blood cup.,2027-02-03,93567.7,185321.07
223,Balanced HM,Eos aliquam libero dignissimos ut ex a perferendis.,2027-05-03,203199.89,473624.29
224,Income JF,Toward popular lead with enough.,2024-03-17,246500.27,376689.09
225,Balanced CS,Incidunt blanditiis sed tempora ab consequuntur officia eveniet.,2026-06-05,94064.9,41750.36
226,Income UF,Delectus id vitae earum harum sed reiciendis officiis.,2024-04-06,194286.73,279202.12
227,Balanced SU,Billion treat lot notice just particularly.,2026-05-20,106055.5,453177.19
228,Speculative RU,Turn both in animal energy fire relate question should.,2026-08-19,27799.37,246312.55
229,Income HH,Product eat generation put his stuff next write approach.,2025-12-07,2838.41,234330.32
230,Balanced FK,Fly former everything medical nearly her stage bad know.,2024-02-27,14075.82,59408.96
231,Speculative CU,Seat adult idea along near stay social white point.,2026-07-26,29381.56,324605.15
232,Balanced VX,Such forward should outside respond guy laugh.,2027-01-05,186511.22,291684.38
233,Growth AV,Molestias fugiat autem tempore laudantium reprehenderit quia.,2024-03-28,240543.14,187435.29
234,Growth NM,Us hotel lead sit response blue.,2023-12-25,71428.02,434299.56
235,Speculative XC,Vero consequatur libero minus aliquid vel saepe laboriosam magni ullam.,2026-09-22,55898.96,481611.27
236,LongTerm UI,Price paper focus thing industry participant realize eat.,2025-03-29,3038.62,484939.41
237,LongTerm CZ,Include record security federal reduce team.,2024-08-21,10789.98,445571.56
238,Growth NT,Ullam consequatur quae voluptate debitis molestiae odio quae.,2026-03-05,131925.28,496482.4
239,Growth LK,Enim sed repellat minima ad corporis pariatur dicta quibusdam cum.,2026-09-09,18449.14,276927.14
240,LongTerm JD,Quidem adipisci repellendus aut sint qui.,2026-12-10,242325.63,261548.92
241,Income PG,Unde harum vero voluptate est.,2023-11-03,157349.66,347874.34
242,LongTerm MN,Tenetur provident officia quidem molestias nobis quod.,2025-01-12,113635.27,313779.04
243,Balanced LR,While same budget American evidence enough.,2026-04-08,146078.58,450579.01
244,Income AV,Aliquam ut nisi quo numquam sapiente.,2025-11-14,11361.6,140481.59
245,Balanced EY,Dolore delectus architecto magnam impedit modi at dolore distinctio ex.,2025-01-12,237602.87,445131.89
246,Growth WN,Reprehenderit voluptatem ab pariatur ipsum temporibus nostrum numquam vero placeat.,2025-05-28,113914.19,310066.3
247,Income YQ,Tenetur reprehenderit fugiat rem ipsum.,2025-01-16,69345.3,94060.58
248,Balanced UG,Cold what Mrs account assume.,2027-06-18,115924.6,176676.11
249,Balanced GN,Quia corrupti itaque ex assumenda.,2024-07-16,145914.03,38867.32
250,Income JE,Imagine later identify first hope brother accept.,2026-12-31,243598.7,493105.37
251,Speculative SE,Autem ratione error assumenda quisquam ipsa hic optio labore.,2024-05-12,174540.43,268048.18
252,LongTerm YZ,Error suscipit vitae sint officia vero.,2026-02-19,77381.9,406897.51
253,Balanced HC,Others Mr water fight security tough gas include position mention.,2024-07-25,171182.79,81308.47
254,LongTerm NQ,Consider son system surface usually.,2026-07-11,227731.8,411268.62
255,LongTerm SQ,Better rise maintain former campaign pretty beyond.,2027-08-12,237449.98,362859.75
256,Growth UF,Nulla esse nesciunt natus facilis et incidunt a.,2027-02-15,153353.8,209121.52
257,LongTerm TV,Saepe consequatur quasi soluta iure facere esse.,2024-07-13,233182.12,433031.94
258,Balanced RI,Safe phone road throughout support place spend.,2027-01-20,11304.67,13183.49
259,Growth CJ,Tempora molestiae omnis corrupti hic tempora nihil similique consequatur magnam.,2025-06-21,94115.84,405276.67
260,Income GA,Range serious cell city not not the certainly rule voice American.,2024-10-08,246819.03,75208.45
261,Balanced QX,Protect military social hold truth.,2023-12-14,148532.68,190445.43
262,Growth GT,Neque necessitatibus fugiat fugiat nesciunt tempore aspernatur.,2025-05-20,242478.6,421059.46
263,Growth HZ,Laborum laboriosam nobis magnam consequuntur cumque aspernatur officia.,2024-06-03,209582.18,234346.58
264,LongTerm KX,Increase form box push look opportunity positive.,2023-11-17,103704.88,136703.54
265,Income CI,Picture always occur argue election conference.,2026-05-02,14093.87,432361.19
266,Balanced UU,Dolor non iusto laboriosam dolor.,2026-05-04,203225.25,499858.84
267,Balanced YL,Process enough right garden law opportunity discover history board dark teacher.,2027-04-19,249159.21,277715.85
268,LongTerm MG,Top outside there mother sell behavior process top much.,2027-08-07,192246.85,472382.86
269,Income HA,Possimus inventore vel laboriosam quisquam.,2026-04-16,212411.85,123674.05
270,Balanced BI,Quisquam tenetur assumenda nisi molestiae ducimus a quia ab.,2025-12-29,112636.03,64579.71
271,Income YP,Impact blood international one end movie north partner.,2026-12-29,238512.76,303087.32
272,Balanced AJ,Fuga mollitia ducimus esse exercitationem provident.,2027-06-03,57160.7,335850.34
273,LongTerm VO,Aut magni ratione reiciendis nostrum placeat.,2024-06-19,154532.06,179081.36
274,Speculative OA,Likely outside because enjoy he participant.,2027-09-28,28389.4,335786.6
275,Balanced NP,Animi quo cupiditate laudantium ab sed ut maxime deserunt quos.,2026-05-26,130076.93,386159.2
276,Growth RC,Omnis voluptate assumenda eius id pariatur illo.,2025-12-26,130040.88,426090.75
277,Growth VT,Near risk next on girl.,2024-09-29,137976.71,280468.99
278,Speculative DZ,Company media next me future bring message.,2027-07-05,219163.4,201741.43
279,Balanced SC,Laborum doloribus excepturi quod placeat tempore similique laboriosam ducimus fugit.,2026-08-30,33503.81,14391.34
280,Growth ZU,Maxime ab rerum dolorum at perferendis reprehenderit asperiores.,2025-10-23,188784.31,310154.78
281,Growth WN,Veniam placeat tenetur libero dicta quasi.,2024-08-30,176019.94,106482.08
282,Balanced MP,Quod blanditiis aspernatur veritatis laudantium ab.,2027-05-23,34092.87,7272.33
283,Income XN,Tempore sunt nemo eius delectus quisquam maiores id quibusdam.,2024-01-06,87646.89,294958.84
284,Balanced EI,Girl team simply lead build million firm across purpose.,2026-04-03,98061.01,218737.46
285,Income UX,Molestias dolores iusto nostrum facilis libero.,2025-07-26,226039.67,174127.73
286,Speculative XZ,Debitis consectetur nemo dolorem aut earum doloremque inventore fugit.,2027-03-09,128497.37,391826.51
287,LongTerm EZ,Instead care throw piece move firm.,2025-01-22,99135.7,311043.35
288,Speculative JK,Between clear democratic effect stuff benefit seat employee.,2026-03-02,215590.93,474760.31
289,LongTerm WB,Expedita perspiciatis non nemo officiis modi.,2025-04-17,36768.37,463293.81
290,Growth RG,Suscipit fugit enim occaecati corporis cumque repellat excepturi occaecati.,2027-05-24,123029.07,129122.19
291,Growth FK,Et officiis quae non hic suscipit quos.,2026-12-18,114783.94,490016.29
292,Growth AK,By doctor edge season.,2024-09-05,123154.52,164375.81
293,Income ZG,View list approach side model.,2024-03-23,158350.21,120072.81
294,LongTerm NJ,Finally easy exist phone capital stuff agreement professional.,2027-06-17,18965.83,64439.86
295,Growth DI,Ipsam voluptas possimus debitis nisi occaecati odio natus minima odit.,2027-08-25,32011.46,75951.35
296,Balanced EI,Kind hand employee field a.,2025-03-31,34706.79,320437.37
297,LongTerm EI,Water local across involve fall discuss account health in.,2025-06-18,45470.02,172833.64
298,LongTerm KT,Dolore aspernatur numquam maxime reiciendis nostrum possimus earum.,2025-07-16,224197.1,236980.82
299,Income EL,Book lay laugh red man fly charge.,2024-07-28,166889.43,86159.94
300,Speculative SR,Road do character management game find son your less.,2025-03-10,48072.25,20434.31
301,Income WJ,Simply author like court success stage stock.,2027-01-19,42233.77,139295.17
302,Growth YX,Qui alias itaque quo maxime voluptatem labore.,2027-10-07,44252.62,44351.27
303,Balanced KO,Minute education police cup thought tell design both plan foot.,2027-03-01,30158.97,230389.38
304,Balanced LH,Ab aliquam quos labore nisi fuga at.,2025-11-28,51583.43,182134.93
305,Growth RN,Animi explicabo culpa modi autem laborum et nam officia expedita tempora.,2023-11-16,125854.32,345197.41
306,Balanced WU,Together magazine join far recent couple cost.,2025-02-27,9828.03,399705.2
307,Income RM,Most last standard must law.,2026-11-26,156975.1,40879.52
308,Income BN,Dolores quam omnis molestiae harum minima libero mollitia nostrum eum odit.,2024-03-11,218394.66,460436.2
309,Growth CI,Dark magazine better number student.,2026-01-07,15269.49,138438.82
310,Balanced DX,Responsibility actually TV pretty up story life police guess sea.,2027-04-12,201550.32,374129.85
311,LongTerm YT,Entire American audience fight war whether best rise mother country moment.,2026-03-17,46130.25,104674.66
312,Speculative JV,Quisquam nemo perferendis praesentium incidunt.,2024-06-29,92618.03,242261.49
313,LongTerm JZ,Modi nobis ut temporibus mollitia voluptatum.,2025-07-15,154563.69,184456.82
314,Income UU,Nation heart nearly season growth laugh where a alone expect.,2025-12-26,115633.68,373735.47
315,Income TA,Dolor et quo velit reprehenderit ullam maiores.,2024-03-08,9170.8,126218.47
316,Income DW,Enter threat economic eight feel now.,2026-11-27,178337.4,447603.42
317,Income UU,Laborum tempore praesentium reprehenderit atque odit.,2026-11-22,127919.36,266056.74
318,Speculative FX,Girl stage indicate test thank dinner present own.,2026-06-24,26793.0,223706.18
319,Growth DT,Music change maybe determine anything rule hotel knowledge.,2024-09-22,133154.32,121235.25
320,Income SY,Consequatur assumenda nemo aliquid id assumenda.,2027-01-28,67310.81,188642.08
321,Balanced WI,Dicta hic necessitatibus natus voluptatum minima doloribus eaque inventore placeat.,2024-04-05,5017.8,161039.58
322,Speculative BX,Eum nisi ad esse voluptates nulla.,2026-06-08,52862.0,163748.68
323,Income CC,Rate choose rock beat science drug.,2027-06-24,29940.53,445263.64
324,Balanced AV,Late age decade Mrs data model else.,2026-06-07,148398.11,339551.16
325,Income SS,On professional analysis color exist smile peace apply.,2024-01-25,197292.81,249221.1
326,Growth QR,Accusantium sint officiis doloremque fugit.,2027-08-18,21730.07,268553.27
327,Speculative FM,Current whom night Republican always two.,2025-03-15,146710.28,372719.74
328,Growth ZV,Get goal personal door.,2027-03-28,107914.89,63790.15
329,Speculative OQ,Velit veniam dolorem exercitationem hic.,2024-02-27,70943.98,181541.15
330,Income HR,Drive check wife travel forget my deal catch must.,2027-06-14,161479.31,285389.15
331,Income TS,Yet wish certain usually true fish newspaper we brother.,2027-05-10,89024.18,493257.62
332,Speculative UB,Vero esse quia reprehenderit odio qui corrupti deleniti.,2024-07-26,151443.7,118613.4
333,Balanced WN,Necessitatibus doloremque doloremque porro facere porro labore magnam non quae.,2024-07-25,25445.62,76429.57
334,Balanced FE,Cover allow share address establish including.,2027-01-03,61489.43,80340.69
335,Income EL,Laudantium eveniet itaque doloribus illo aliquam quasi fugit est nostrum quia.,2025-12-30,46641.76,142547.58
336,Income CD,Million how same newspaper might piece any.,2025-08-26,43343.4,448382.71
337,Growth TX,Cumque eos ullam porro temporibus iure officia at magnam.,2027-02-04,20058.44,262255.69
338,Income ZA,Ad iste tempore tempore sunt at eum officiis quae.,2026-11-02,102599.21,491189.31
339,Speculative FH,Assumenda provident quas voluptate nostrum cum mollitia aliquam.,2027-08-31,28009.73,198927.8
340,Balanced KQ,Than condition Republican information finally shoulder.,2025-01-04,242367.61,432753.56
341,Balanced HI,Performance education learn talk.,2026-05-15,204268.02,128951.41
342,Growth PN,Illum aspernatur nobis doloribus molestias nulla nam repudiandae aliquid.,2024-01-07,42721.9,334321.61
343,Balanced CJ,Study fear turn any indicate condition public particularly reality organization.,2025-09-20,232344.0,278381.45
344,Balanced CF,Fuga fugiat architecto incidunt mollitia eos consequatur possimus.,2025-03-08,142903.17,139989.55
345,LongTerm HN,Around number without more because right painting small religious interview summer.,2026-01-07,192373.23,93521.87
346,Speculative IN,Quas libero repellat sunt doloremque enim deserunt blanditiis iure reiciendis.,2027-03-09,80919.81,212718.22
347,LongTerm AC,Nam odit accusamus dicta eligendi ratione est magni.,2027-01-17,126902.59,121204.87
348,Balanced HR,Id necessitatibus vero rerum deserunt rerum ullam laboriosam.,2027-03-05,28709.21,305310.02
349,Growth PI,Occaecati tempora modi ex quos impedit.,2027-05-03,72157.64,290619.11
350,Growth KU,Modi dignissimos placeat reiciendis suscipit explicabo voluptas eligendi adipisci voluptates.,2026-03-18,38590.68,240570.05
351,Balanced LM,Relate fire all including market down later.,2024-09-13,133147.36,25911.77
352,Income LH,Quod totam ipsam ad laboriosam.,2024-08-04,84151.07,67207.34
353,LongTerm EU,Corporis sit reprehenderit vel perspiciatis consequatur quam itaque.,2023-10-20,15843.74,494980.12
354,Balanced CR,Level animal minute probably fine officer fine throughout.,2024-08-20,80588.46,404937.22
355,Growth SR,Perferendis earum culpa beatae vero nam aut molestiae molestias.,2024-05-20,63660.16,340751.36
356,Growth KP,Find throughout music anything ahead.,2024-03-26,190056.96,297819.37
357,LongTerm DF,Debitis nisi nihil saepe praesentium nulla est repellendus.,2027-09-16,117894.05,205920.46
358,Speculative KI,Best financial popular short like water century time election.,2025-06-14,87217.07,464764.57
359,Balanced SQ,Iste adipisci labore expedita itaque cupiditate quisquam non.,2025-12-11,207654.85,482513.46
360,Balanced ZT,News audience few leave opportunity draw during city.,2025-06-01,31074.31,365433.74
361,Speculative VN,Necessitatibus exercitationem possimus cupiditate pariatur qui quae saepe beatae.,2025-03-02,234585.11,90616.53
362,LongTerm CL,Architecto autem repellendus quo fugiat laudantium optio at.,2027-07-23,16624.07,370560.32
363,LongTerm WJ,Most hope official crime race first now tree fight.,2026-11-02,143618.28,420914.39
364,Growth FL,Worry identify camera family hard nature apply reflect star grow technology.,2024-10-13,34943.09,397633.66
365,Speculative SL,Et fugit fugit molestias optio labore deleniti fugit unde saepe culpa.,2024-05-09,50406.83,81827.97
366,LongTerm EP,Return main join wrong be politics.,2027-06-11,41066.45,407287.36
367,Income YS,Debitis magni mollitia ipsum explicabo delectus non neque sed dolores magnam.,2027-09-22,166299.31,261532.71
368,Balanced CC,Beatae laboriosam porro consequuntur quasi voluptates voluptates quod.,2025-12-25,89707.62,438600.27
369,Growth HN,Line score whether back plant something fine.,2027-08-17,98111.28,408299.72
370,Speculative IX,Law town off former good within far cold reason.,2026-11-16,109783.73,188472.21
371,Growth DO,Cumque amet voluptatibus repellat numquam enim assumenda magni sed eius.,2026-05-27,115669.95,150688.94
372,LongTerm RQ,Page travel school process have.,2024-11-22,186902.35,251360.2
373,LongTerm FL,Worker whose other start study sell include himself.,2026-11-14,58053.17,449787.29
374,Income NK,Odit quidem blanditiis cumque id.,2025-10-22,95972.81,271776.43
375,Balanced YR,Ea minus ipsa enim reiciendis fugit et minus veritatis.,2027-09-08,226618.03,312119.0
376,Speculative BN,Earum rem ducimus nesciunt itaque perferendis doloribus perferendis.,2025-12-29,29224.51,469916.06
377,Growth RS,Natural pull story activity best billion land detail.,2024-11-08,156927.01,167452.81
378,Balanced CB,Voice prevent structure wear point.,2024-02-25,34818.02,397012.59
379,LongTerm YQ,Receive education level view police.,2027-01-21,155018.19,266730.55
380,Balanced SQ,Cum asperiores quod fugit ex animi veritatis.,2024-07-16,223473.15,394298.61
381,Growth EF,Hotel population board music issue pass blood kid else alone audience.,2027-02-02,37918.72,155861.03
382,Balanced BF,Usually professor entire record.,2026-03-24,62122.28,371973.15
383,LongTerm GT,Ipsa sapiente quos quos molestiae a veritatis repellendus laboriosam.,2025-03-14,8383.11,284944.84
384,Balanced ZD,Movement which ball least short possible computer always.,2026-08-05,190614.67,438382.82
385,Speculative TS,Occaecati facere assumenda odio quasi.,2023-12-08,85520.44,410628.65
386,Balanced BU,Home society poor matter who speech whom administration fund.,2027-02-18,27657.93,423226.15
387,Speculative ZH,Learn question them chance often under already center president likely.,2024-10-24,31872.17,198643.65
388,Balanced AL,Star best particularly structure ask stage box.,2024-01-20,199323.84,74958.71
389,LongTerm BV,Blanditiis placeat molestias eum vitae distinctio aliquid cupiditate.,2024-04-18,57312.85,361126.28
390,Income JW,Possimus mollitia ipsa unde aliquam aut.,2027-02-03,180009.13,320573.82
391,Income BF,Account unit religious order.,2025-07-21,173487.11,271362.22
392,Speculative SI,Policy mission include visit particular also.,2026-11-01,62949.76,172848.0
393,Speculative NF,In nam deleniti voluptates voluptate nulla sint voluptates.,2025-10-04,45399.43,454225.28
394,Income RD,Someone rate why listen computer.,2024-01-05,145847.95,200425.71
395,LongTerm SN,Ex rem quis aliquam qui unde debitis.,2025-11-05,115501.45,473641.67
396,LongTerm EP,Neque in quia tempore dolorem beatae dolorem dolores impedit dicta.,2024-02-05,38337.85,293114.92
397,Balanced LF,Certain until lawyer hold carry rest place wish dark.,2023-12-02,126472.17,305727.12
398,Speculative RI,Learn commercial gas though page smile point particularly color.,2024-02-25,4527.55,436061.95
399,LongTerm HF,List leg address into their easy its develop until watch.,2025-07-23,233029.57,282566.59
400,Growth CE,Most look something start laugh drive next actually rule.,2024-05-07,174162.71,461249.69
