employee_id,employee_name,role,phone,email,project_id
1,Chase Anthony,Manager,972.220.0543x6459,chase.anthony@example.com,79.0
2,Anthony Medina,Agent,(707)881-1379,anthony.medina@example.com,19.0
3,Michael Nguyen,Manager,001-215-831-3636x31797,michael.nguyen@example.com,112.0
4,Timothy Gibson,Project Manager,(652)473-5435x2090,timothy.gibson@example.com,115.0
5,John Barnes,Support,001-953-549-2929x83168,john.barnes@example.com,153.0
6,Sara Ramirez,Agent,001-263-235-6939x2906,sara.ramirez@example.com,94.0
7,Morgan Gordon MD,Account,(671)577-3180x6325,morgan.gordon.md@example.com,4.0
8,Ann Castillo,Manager,227-399-0772x6257,ann.castillo@example.com,80.0
9,Michael Schmidt,Manager,264-398-9319x5085,michael.schmidt@example.com,121.0
10,John Williams,Agent,(528)518-3253x817,john.williams@example.com,87.0
11,Steven Gordon,Agent,(640)915-5778x81788,steven.gordon@example.com,84.0
12,Rebecca Dougherty,Support,337-411-6241,rebecca.dougherty@example.com,149.0
13,Michael Crawford,Project Manager,880.946.8275,michael.crawford@example.com,67.0
14,Alison Lopez,Project Manager,9389569557,alison.lopez@example.com,
15,Carlos Clarke,Sales,(643)975-4025,carlos.clarke@example.com,45.0
16,Lisa Martin,Support,+1-742-422-2310,lisa.martin@example.com,58.0
17,Jacob Harris,Account,001-205-852-5782x841,jacob.harris@example.com,101.0
18,Patricia Gould,Manager,320-988-5474x92975,patricia.gould@example.com,139.0
19,Brenda Pierce,Account,506-693-7515x0939,brenda.pierce@example.com,173.0
20,Bradley Atkinson,Support,+1-818-763-7599x80562,bradley.atkinson@example.com,162.0
21,Adam Cooper,Account,378-413-7674x2662,adam.cooper@example.com,122.0
22,John Dillon,Sales,519-461-0646x28792,john.dillon@example.com,1.0
23,Donna Henry,Manager,394-678-7300x2447,donna.henry@example.com,72.0
24,John Watts,Support,901.847.1959,john.watts@example.com,100.0
25,Lori Alvarez,Agent,001-915-489-0429x025,lori.alvarez@example.com,59.0
26,Anthony Ward,Project Manager,+1-750-744-8183x2192,anthony.ward@example.com,166.0
27,Melinda Turner,Account,+1-751-489-5202x84576,melinda.turner@example.com,91.0
28,Christopher Walker,Project Manager,389.388.8167,christopher.walker@example.com,138.0
29,Tammy Mendoza,Account,452-579-8524x0132,tammy.mendoza@example.com,85.0
30,Daniel Zavala,Agent,(311)607-6031x08907,daniel.zavala@example.com,137.0
31,Eric Smith,Support,319-439-3250,eric.smith@example.com,87.0
32,Teresa Rush,Agent,(552)589-3891x190,teresa.rush@example.com,113.0
33,Carolyn Webster,Agent,3134875927,carolyn.webster@example.com,75.0
34,Vicki Coleman,Sales,236.315.1718x27548,vicki.coleman@example.com,56.0
35,Brian Campbell,Agent,+1-447-238-6463x175,brian.campbell@example.com,46.0
36,Mrs. Ashley Kim DDS,Support,712-566-9121,mrs..ashley.kim.dds@example.com,27.0
37,Kurt Ewing,Support,736-974-9946,kurt.ewing@example.com,134.0
38,Tiffany Archer,Manager,342.971.1477x32010,tiffany.archer@example.com,44.0
39,Valerie Reyes,Support,+1-952-649-9118x77347,valerie.reyes@example.com,52.0
40,Rhonda Fernandez,Agent,9062167567,rhonda.fernandez@example.com,120.0
41,Justin Dalton,Project Manager,927-962-4671x9788,justin.dalton@example.com,147.0
42,Brooke Brown,Agent,479-769-5450x090,brooke.brown@example.com,149.0
43,Patrick Johnson,Manager,+1-656-316-5565x0333,patrick.johnson@example.com,22.0
44,Ana Torres,Manager,220-785-0769x86407,ana.torres@example.com,72.0
45,James Armstrong,Manager,913.357.8529x4563,james.armstrong@example.com,89.0
46,Kimberly Mitchell,Sales,7496639191,kimberly.mitchell@example.com,74.0
47,Robert Alvarez,Project Manager,551.848.4685,robert.alvarez@example.com,178.0
48,Mario Chavez,Agent,001-282-508-2973x74896,mario.chavez@example.com,29.0
49,Charles Hernandez,Sales,+1-846-565-1364x42493,charles.hernandez@example.com,8.0
50,Corey Sanchez,Agent,677-486-6032x4204,corey.sanchez@example.com,138.0
51,Amanda Sharp,Manager,3018594165,amanda.sharp@example.com,175.0
52,Misty Taylor,Account,398-518-9847,misty.taylor@example.com,160.0
53,Patricia Edwards,Sales,001-663-963-2123,patricia.edwards@example.com,23.0
54,Scott Brown,Agent,+1-451-758-6734,scott.brown@example.com,143.0
55,Jacob Parker,Account,+1-990-803-4864x5183,jacob.parker@example.com,117.0
56,Tyler Pennington,Agent,341-934-3275x604,tyler.pennington@example.com,109.0
57,Jason Randall,Sales,001-961-224-8156x985,jason.randall@example.com,44.0
58,Margaret White,Account,420.863.4591x123,margaret.white@example.com,61.0
59,Emma Mendoza,Sales,001-824-529-5431x6526,emma.mendoza@example.com,26.0
60,Alexander Hansen,Account,+1-631-473-4206x969,alexander.hansen@example.com,99.0
61,Jacob Valentine,Project Manager,508-667-7133,jacob.valentine@example.com,15.0
62,Johnny Anderson,Support,293.643.6262,johnny.anderson@example.com,158.0
63,Cynthia Hayes,Manager,859.571.0725,cynthia.hayes@example.com,10.0
64,Michelle Fitzgerald,Project Manager,211-280-0537x599,michelle.fitzgerald@example.com,35.0
65,Manuel Turner,Sales,(452)380-9242x8757,manuel.turner@example.com,74.0
66,Joseph Thomas,Sales,650-627-4564,joseph.thomas@example.com,60.0
67,Jessica Martin,Account,001-672-487-0320x3207,jessica.martin@example.com,139.0
68,Jessica Carney,Project Manager,507.658.7771x2151,jessica.carney@example.com,152.0
69,Christopher Hicks,Manager,999-339-0892x613,christopher.hicks@example.com,155.0
70,Allison Maldonado,Account,+1-216-759-1520x17774,allison.maldonado@example.com,130.0
71,Mary Tapia,Account,692-430-4501x89616,mary.tapia@example.com,112.0
72,Randy Ross,Project Manager,9328664214,randy.ross@example.com,73.0
73,Tammy Mckee,Agent,+1-825-315-8377x674,tammy.mckee@example.com,106.0
74,Rita Austin,Project Manager,(961)808-5732x78814,rita.austin@example.com,142.0
75,Robert Evans,Project Manager,(343)286-4908,robert.evans@example.com,12.0
76,Kayla Gutierrez,Manager,494.854.9180x172,kayla.gutierrez@example.com,22.0
77,Jason Bush,Manager,897-279-4523x21941,jason.bush@example.com,157.0
78,Bruce Jackson,Support,476.297.4995x6412,bruce.jackson@example.com,64.0
79,Robert Horton,Manager,303.672.3683,robert.horton@example.com,17.0
80,Brittany Henderson,Manager,522-577-7079,brittany.henderson@example.com,58.0
81,Ronald Myers,Sales,901-566-7998x40767,ronald.myers@example.com,138.0
82,Kelsey Henderson,Sales,681-546-7179x57602,kelsey.henderson@example.com,37.0
83,Jeffrey Romero,Account,001-959-472-4665,jeffrey.romero@example.com,101.0
84,Diane Curry,Project Manager,+1-272-223-2971x67433,diane.curry@example.com,173.0
85,Dean Rhodes,Agent,(380)515-6193,dean.rhodes@example.com,117.0
86,Dr. Richard Hammond,Manager,001-384-228-9107x71199,dr..richard.hammond@example.com,5.0
87,Carol Wilson,Support,752.747.8712,carol.wilson@example.com,70.0
88,Barbara Harris,Support,(403)875-4821x45653,barbara.harris@example.com,69.0
89,Brenda Patterson,Sales,(478)850-7208x11556,brenda.patterson@example.com,113.0
90,Peter Keller,Manager,+1-629-408-4668x4550,peter.keller@example.com,172.0
91,Jill Harris,Support,+1-299-775-6341,jill.harris@example.com,64.0
92,Nathan Hobbs,Support,684.531.8848x52008,nathan.hobbs@example.com,147.0
93,Elizabeth Henderson,Account,910.754.8510x17490,elizabeth.henderson@example.com,47.0
94,Dr. Virginia Cunningham,Project Manager,+1-789-535-4492x6831,dr..virginia.cunningham@example.com,26.0
95,Heather Garcia,Support,001-766-811-0627x371,heather.garcia@example.com,54.0
96,Kelly Foster,Agent,997-467-7622x827,kelly.foster@example.com,35.0
97,Kayla Rice,Sales,001-337-770-2851x961,kayla.rice@example.com,33.0
98,Amanda Hernandez,Manager,(645)644-7022x960,amanda.hernandez@example.com,12.0
99,Robert Burns,Project Manager,985-710-6794,robert.burns@example.com,75.0
100,Karen Cortez,Agent,+1-822-887-7725x199,karen.cortez@example.com,142.0
101,James Weaver,Sales,+1-274-512-0948x18139,james.weaver@example.com,109.0
102,Kathryn Smith,Support,+1-282-904-3397x18956,kathryn.smith@example.com,116.0
103,Allison Kim,Support,(608)356-4111x82422,allison.kim@example.com,74.0
104,Tristan Gregory,Agent,7954200461,tristan.gregory@example.com,100.0
105,Frederick Bennett,Project Manager,803-339-9378,frederick.bennett@example.com,125.0
106,Fernando Tran,Account,370-563-0489,fernando.tran@example.com,123.0
107,Marisa Martinez,Project Manager,001-467-518-3258,marisa.martinez@example.com,17.0
108,Jessica Buck,Account,600.879.4200x749,jessica.buck@example.com,7.0
109,Dr. Christy Pittman MD,Project Manager,(689)814-1612,dr..christy.pittman.md@example.com,79.0
110,Jonathan Pham,Sales,+1-254-974-3553x79502,jonathan.pham@example.com,61.0
111,Adam Thompson,Manager,+1-376-781-1807,adam.thompson@example.com,20.0
112,Jamie Burke,Project Manager,(520)317-5370x3045,jamie.burke@example.com,169.0
113,Lori Stokes,Sales,237.550.4793,lori.stokes@example.com,147.0
114,Miss Ashley Ramirez,Agent,672.583.9992x19212,miss.ashley.ramirez@example.com,169.0
115,Monica Hill,Sales,+1-308-994-8706x05664,monica.hill@example.com,144.0
116,Joseph Williams DDS,Account,7463875063,joseph.williams.dds@example.com,41.0
117,Rhonda Mooney,Support,361.233.2541,rhonda.mooney@example.com,129.0
118,Robert Watkins,Agent,+1-954-331-7350x5831,robert.watkins@example.com,110.0
119,Lauren Miller,Project Manager,6068512070,lauren.miller@example.com,43.0
120,Michael Hansen,Support,866-319-6399x0767,michael.hansen@example.com,108.0
121,Timothy Logan,Sales,485.693.1109x193,timothy.logan@example.com,122.0
122,John Oliver,Agent,(732)600-2496,john.oliver@example.com,117.0
123,Kimberly Thomas,Agent,249.854.5089x2038,kimberly.thomas@example.com,101.0
124,William Davidson,Support,715.637.7959,william.davidson@example.com,79.0
125,Christopher Gibson,Manager,5739033793,christopher.gibson@example.com,23.0
126,Tiffany Rivera,Account,001-463-662-0501x5081,tiffany.rivera@example.com,81.0
127,Mark Durham,Account,(500)433-4234x258,mark.durham@example.com,174.0
128,Christopher Green,Support,502-761-5347,christopher.green@example.com,70.0
129,Mary Pugh,Project Manager,+1-861-512-2338x655,mary.pugh@example.com,99.0
130,Pamela Matthews,Account,+1-942-553-0428,pamela.matthews@example.com,6.0
131,Rachel Gibbs,Agent,+1-712-986-8578x725,rachel.gibbs@example.com,19.0
132,Kathleen Adams,Agent,(490)733-3736x3466,kathleen.adams@example.com,61.0
133,Bradley Walton,Account,978-853-9078x9567,bradley.walton@example.com,26.0
134,Robert Stewart,Sales,(302)673-4151x4888,robert.stewart@example.com,128.0
135,Annette Jones,Project Manager,5834535444,annette.jones@example.com,165.0
136,Dr. Nancy Gaines MD,Account,545-966-9078x2633,dr..nancy.gaines.md@example.com,115.0
137,Kevin Tran,Manager,275.715.3663x778,kevin.tran@example.com,10.0
138,Shane Torres,Agent,001-207-255-3666x8459,shane.torres@example.com,129.0
139,Brittany Cisneros,Account,399-799-6636x18637,brittany.cisneros@example.com,156.0
140,Jocelyn Kline,Account,421-582-0970,jocelyn.kline@example.com,157.0
141,Victor Campbell,Manager,448.717.0580,victor.campbell@example.com,10.0
142,Jennifer Moore,Project Manager,528-667-1632,jennifer.moore@example.com,65.0
143,Michael Wells,Agent,+1-394-893-8743x027,michael.wells@example.com,30.0
144,Danielle Murphy,Support,001-777-679-0147,danielle.murphy@example.com,109.0
145,Rodney Horn,Sales,(632)696-7629x16032,rodney.horn@example.com,121.0
146,Andrea Barber,Support,776.881.5118,andrea.barber@example.com,4.0
147,David Hunter,Manager,301.476.5636x004,david.hunter@example.com,152.0
148,Paul Washington,Manager,418-237-2742,paul.washington@example.com,178.0
149,Cassandra Martinez,Project Manager,001-562-910-4275x2308,cassandra.martinez@example.com,76.0
150,Sara Cain,Project Manager,+1-516-547-0900x6335,sara.cain@example.com,
151,Javier Hays,Sales,531-531-2206x81558,javier.hays@example.com,101.0
152,Jennifer Patterson,Sales,231.855.2065,jennifer.patterson@example.com,54.0
153,Daniel Barrett,Sales,495-601-3649x718,daniel.barrett@example.com,115.0
154,Lindsay Jarvis,Manager,001-962-852-5715x099,lindsay.jarvis@example.com,162.0
155,Natalie Gordon,Support,001-203-409-1436x391,natalie.gordon@example.com,124.0
156,Edward Hernandez,Project Manager,203.897.5245,edward.hernandez@example.com,71.0
157,Donna Johnson,Agent,001-455-933-8033x9685,donna.johnson@example.com,177.0
158,Amy Vasquez,Account,502.532.1298,amy.vasquez@example.com,103.0
159,Jessica Mcdonald,Manager,(933)562-9344,jessica.mcdonald@example.com,117.0
160,Richard Miller,Project Manager,(266)827-7689x627,richard.miller@example.com,113.0
161,Bradley Knox,Account,998-328-2467x4746,bradley.knox@example.com,34.0
162,Miguel Gonzalez,Project Manager,700.885.7666,miguel.gonzalez@example.com,45.0
163,Martin Chapman MD,Support,9167923645,martin.chapman.md@example.com,127.0
164,Marilyn House,Sales,001-533-470-5024x9724,marilyn.house@example.com,31.0
165,Ray Newman,Account,(869)618-3626x4488,ray.newman@example.com,67.0
166,Nicole Glass,Project Manager,219-452-4364,nicole.glass@example.com,84.0
167,April Jones,Sales,001-968-464-6225x223,april.jones@example.com,65.0
168,Ashley Bradley,Support,323.402.3467,ashley.bradley@example.com,69.0
169,Brady Martinez,Project Manager,250-693-7710,brady.martinez@example.com,73.0
170,Adrienne Aguilar,Support,9139806984,adrienne.aguilar@example.com,145.0
171,Lindsey Rogers,Manager,+1-855-435-6690x55107,lindsey.rogers@example.com,122.0
172,Bryce Schmidt,Project Manager,001-735-279-7863x050,bryce.schmidt@example.com,111.0
173,Nancy Gregory,Agent,397.869.1567,nancy.gregory@example.com,120.0
174,Cory Thomas,Project Manager,598.502.7148x72717,cory.thomas@example.com,82.0
175,Paul Keller,Account,616-902-5643,paul.keller@example.com,136.0
176,Meagan Wade,Agent,+1-871-853-9915,meagan.wade@example.com,113.0
177,Rachel Burch,Support,(733)441-4111x59319,rachel.burch@example.com,45.0
178,Tiffany Ray,Project Manager,7404983665,tiffany.ray@example.com,58.0
179,Lindsay Walker,Manager,(408)275-2437x7294,lindsay.walker@example.com,95.0
180,Ellen Mooney,Sales,749-473-7460,ellen.mooney@example.com,102.0
181,Christine Oconnor,Support,802.776.4208,christine.oconnor@example.com,78.0
182,John Bailey,Support,(261)684-4386x1259,john.bailey@example.com,118.0
183,Christopher Taylor,Account,001-874-823-3305x912,christopher.taylor@example.com,94.0
184,Carol Brown,Support,(272)301-8596x263,carol.brown@example.com,166.0
185,John Watts,Account,(361)376-4750,john.watts1@example.com,35.0
186,John Barnett,Manager,630.499.9741x92676,john.barnett@example.com,6.0
187,Arthur Stout,Project Manager,+1-326-306-8887,arthur.stout@example.com,125.0
188,Christine Barrett,Sales,229-420-8751,christine.barrett@example.com,81.0
189,Marissa Miller,Sales,601-218-4582x603,marissa.miller@example.com,109.0
190,Kelly Patton,Account,+1-287-529-7585x98831,kelly.patton@example.com,131.0
191,Charles Chase,Support,829.383.9542,charles.chase@example.com,
192,Debbie Santos,Account,(367)614-6283,debbie.santos@example.com,33.0
193,Melissa Lee MD,Manager,+1-389-326-2566x09314,melissa.lee.md@example.com,164.0
194,Jennifer Murphy,Account,855-542-3401,jennifer.murphy@example.com,16.0
195,Brian Frost,Agent,(684)697-1859,brian.frost@example.com,64.0
196,Stephanie Jackson,Support,001-462-458-8967x92408,stephanie.jackson@example.com,156.0
197,Keith Adams,Support,001-853-596-7275x7844,keith.adams@example.com,98.0
198,Scott Meza,Agent,(251)811-3129x01487,scott.meza@example.com,17.0
199,Tara Taylor,Project Manager,288.916.0930x6853,tara.taylor@example.com,169.0
200,Megan Macias,Agent,332.715.2850x67625,megan.macias@example.com,94.0
201,Danielle Ryan,Support,001-214-947-4430x96348,danielle.ryan@example.com,157.0
202,Sarah Brown,Project Manager,4978545105,sarah.brown@example.com,121.0
203,Brian Vasquez,Project Manager,688-526-1702,brian.vasquez@example.com,6.0
204,James Diaz,Manager,(884)217-7225,james.diaz@example.com,14.0
205,Seth Gonzalez,Support,540.926.6502,seth.gonzalez@example.com,158.0
206,Victoria Wilson,Manager,487.725.6862x1102,victoria.wilson@example.com,70.0
207,Pamela Young,Account,+1-456-490-6744x71639,pamela.young@example.com,20.0
208,Randall Lin,Support,001-536-337-1892x392,randall.lin@example.com,22.0
209,Andrew Mooney,Sales,(660)593-1066,andrew.mooney@example.com,177.0
210,Jeffery Brown,Manager,(204)214-5456x35020,jeffery.brown@example.com,110.0
211,Erica Mitchell,Agent,291-462-4755x411,erica.mitchell@example.com,174.0
212,Patrick Ward,Sales,001-398-295-3439x61129,patrick.ward@example.com,4.0
213,Susan Pena,Sales,937.511.8954,susan.pena@example.com,80.0
214,Brittany Anderson,Agent,(284)485-5716x17688,brittany.anderson@example.com,72.0
215,Melissa Anderson,Account,4909367881,melissa.anderson@example.com,92.0
216,Janet Chan,Manager,(694)632-0293x9087,janet.chan@example.com,34.0
217,Elizabeth Adams,Account,623-408-3402,elizabeth.adams@example.com,132.0
218,Richard Day,Support,338.610.5955,richard.day@example.com,141.0
219,Jennifer Carr,Manager,500-953-4240x89164,jennifer.carr@example.com,43.0
220,Derrick Perkins,Sales,001-462-573-6527x17272,derrick.perkins@example.com,41.0
221,Terri White,Account,904-822-6931x2163,terri.white@example.com,153.0
222,Joseph Acosta,Support,4915660100,joseph.acosta@example.com,155.0
223,Debra Mays,Account,+1-400-618-5132x797,debra.mays@example.com,58.0
224,Christopher Brown,Manager,001-448-210-0184x186,christopher.brown@example.com,146.0
225,Allison Simmons,Account,(554)336-1721,allison.simmons@example.com,56.0
226,Diane Jones,Agent,415-610-9226x85926,diane.jones@example.com,160.0
227,Donna Hutchinson,Agent,975-341-0225x267,donna.hutchinson@example.com,114.0
228,Jeffrey Acosta,Sales,(815)922-6557,jeffrey.acosta@example.com,167.0
229,Jennifer Leon,Agent,323-866-8788x78836,jennifer.leon@example.com,116.0
230,Paula Shepherd,Project Manager,913.450.3058,paula.shepherd@example.com,170.0
231,Amy Bailey,Sales,001-824-272-8633x30212,amy.bailey@example.com,37.0
232,Jessica Brown,Agent,491-379-2025,jessica.brown@example.com,110.0
233,Adam Guerra,Agent,(422)272-8476x57041,adam.guerra@example.com,147.0
234,Amanda Potter,Account,620.366.7849x84362,amanda.potter@example.com,160.0
235,Vanessa Martinez,Agent,369.903.6289,vanessa.martinez@example.com,173.0
236,Matthew Sullivan,Agent,(220)556-3411x1595,matthew.sullivan@example.com,113.0
237,Joshua Jones,Account,+1-204-938-3034x199,joshua.jones@example.com,47.0
238,Ernest Harding,Sales,4543683565,ernest.harding@example.com,120.0
239,Steven Gordon,Account,520.596.7904x22711,steven.gordon1@example.com,57.0
240,Martha Mack,Agent,(688)798-5725,martha.mack@example.com,143.0
241,Teresa Williams,Agent,001-463-639-9129x710,teresa.williams@example.com,144.0
242,Tracy Harrington,Agent,671-775-2421,tracy.harrington@example.com,176.0
243,Benjamin Page,Support,847.847.2197x054,benjamin.page@example.com,2.0
244,Sylvia Anderson,Agent,(289)555-1687x409,sylvia.anderson@example.com,98.0
245,Kristina Moore,Project Manager,946-329-6136,kristina.moore@example.com,
246,John Nichols,Support,711.921.6636x515,john.nichols@example.com,172.0
247,Patrick Wilson,Project Manager,208.727.2359x096,patrick.wilson@example.com,9.0
248,Veronica Lewis,Agent,606.844.2121,veronica.lewis@example.com,124.0
249,Shane Hayes,Project Manager,(983)942-0165x42356,shane.hayes@example.com,55.0
250,Rachel Sheppard,Manager,(259)460-8931x99255,rachel.sheppard@example.com,87.0
251,Taylor Porter,Manager,816-448-0727x91033,taylor.porter@example.com,159.0
252,Cindy Clark,Agent,390.955.0448,cindy.clark@example.com,155.0
253,Joy Jenkins,Support,(486)885-1276x528,joy.jenkins@example.com,170.0
254,Ryan Barker,Support,(349)911-1109x61798,ryan.barker@example.com,165.0
255,Renee Contreras,Support,(233)778-6137x15766,renee.contreras@example.com,32.0
256,Katie Adams,Support,+1-744-763-0600x02589,katie.adams@example.com,21.0
257,Kenneth Jordan,Sales,+1-863-496-0962,kenneth.jordan@example.com,162.0
258,Evan Moore,Account,412.781.9648,evan.moore@example.com,76.0
259,Brandon Kim,Project Manager,+1-492-509-8196x0275,brandon.kim@example.com,5.0
260,Courtney Lee,Support,364.304.1209,courtney.lee@example.com,90.0
261,Kyle Rodriguez,Sales,342-911-7536x1706,kyle.rodriguez@example.com,30.0
262,Angela Mcdaniel,Agent,(757)922-4029x9015,angela.mcdaniel@example.com,72.0
263,Lindsay Smith DDS,Manager,313-590-8088x235,lindsay.smith.dds@example.com,103.0
264,Charles Miller,Manager,001-824-847-3158x477,charles.miller@example.com,48.0
265,Danielle Gonzalez,Agent,001-846-619-9423x767,danielle.gonzalez@example.com,135.0
266,Lisa Lawson,Project Manager,(739)855-1720x84964,lisa.lawson@example.com,132.0
267,Christopher Morris,Manager,(353)213-5525,christopher.morris@example.com,66.0
268,Adam Murphy,Account,395.638.1649x383,adam.murphy@example.com,62.0
269,Theresa Aguirre,Support,+1-819-366-5533x07704,theresa.aguirre@example.com,72.0
270,Christopher Murphy,Sales,(239)704-0907x4260,christopher.murphy@example.com,83.0
271,Andrea Davis,Sales,(944)955-6185x79064,andrea.davis@example.com,116.0
272,Tracy Martinez,Manager,(491)303-0021x563,tracy.martinez@example.com,33.0
273,Steven Wood,Support,+1-600-740-1041,steven.wood@example.com,170.0
274,Rebecca Gray,Account,001-322-597-1252x967,rebecca.gray@example.com,169.0
275,Mary Bray,Agent,273-514-4158x33117,mary.bray@example.com,139.0
276,Daniel Cardenas,Account,671.953.9885,daniel.cardenas@example.com,20.0
277,Sarah Garcia,Agent,(535)367-9836,sarah.garcia@example.com,
278,Christopher Parker,Sales,001-412-671-1307,christopher.parker@example.com,134.0
279,Matthew Chavez,Agent,718-215-6326x868,matthew.chavez@example.com,113.0
280,Jacob Williams,Support,(863)343-6294x8978,jacob.williams@example.com,169.0
281,Maria Haley,Agent,310.609.4318,maria.haley@example.com,169.0
282,Manuel Baldwin,Account,(261)334-7323x5494,manuel.baldwin@example.com,146.0
283,Terry Howell,Agent,001-843-725-1225x7207,terry.howell@example.com,160.0
284,William Ibarra,Support,(909)357-9073,william.ibarra@example.com,24.0
285,Alan Frazier,Account,638-982-2114x5775,alan.frazier@example.com,56.0
286,Jimmy Carey,Project Manager,758-997-1480x2632,jimmy.carey@example.com,3.0
287,Kenneth Dominguez,Agent,(753)813-6148x78245,kenneth.dominguez@example.com,140.0
288,Theresa Hill,Manager,709.685.9167,theresa.hill@example.com,153.0
289,Adam Ho,Sales,(972)684-9824,adam.ho@example.com,162.0
290,Edward Chavez,Account,749.210.7406,edward.chavez@example.com,159.0
291,Chad Koch,Agent,782.514.2369x14307,chad.koch@example.com,176.0
292,Mandy Henderson,Account,444-594-2965,mandy.henderson@example.com,163.0
293,Jason Gonzalez,Manager,714-797-8266x1287,jason.gonzalez@example.com,26.0
294,Jeffrey Fisher,Sales,(470)680-6129x43985,jeffrey.fisher@example.com,8.0
295,Ryan Martinez,Account,+1-907-787-0104x15914,ryan.martinez@example.com,74.0
296,Barbara Richards,Sales,503.382.8723x24407,barbara.richards@example.com,26.0
297,Christian Hobbs,Project Manager,913.431.7087x60146,christian.hobbs@example.com,57.0
298,Sarah Payne,Account,+1-579-916-2022x328,sarah.payne@example.com,31.0
299,Mr. Brett Chapman,Agent,(346)861-7662x047,mr..brett.chapman@example.com,113.0
300,Eric Brewer,Support,+1-597-705-2774x02588,eric.brewer@example.com,168.0
301,Kelly Palmer,Project Manager,(825)395-7244,kelly.palmer@example.com,175.0
302,Maria Bennett,Project Manager,892.398.8425x9959,maria.bennett@example.com,104.0
303,Samuel Moore,Account,817-875-3312,samuel.moore@example.com,36.0
304,Amy King,Sales,9178590251,amy.king@example.com,164.0
305,Mark Hawkins,Project Manager,547.374.3326,mark.hawkins@example.com,122.0
306,Lori Barnett,Agent,702.405.6981,lori.barnett@example.com,101.0
307,Tina Chandler,Support,873.839.7855x98217,tina.chandler@example.com,5.0
308,Laura Martinez,Manager,841.717.3098x50344,laura.martinez@example.com,91.0
309,Seth Donaldson,Account,289-338-9846,seth.donaldson@example.com,110.0
310,Taylor Mercer,Agent,+1-200-556-4350x2385,taylor.mercer@example.com,57.0
311,Robert Elliott DDS,Support,001-205-916-9918x72401,robert.elliott.dds@example.com,22.0
312,Marie Reynolds,Project Manager,830-800-3896x0870,marie.reynolds@example.com,91.0
313,Jessica Simmons,Agent,(817)219-5535,jessica.simmons@example.com,162.0
314,Brandon Smith,Account,(789)700-3010x27240,brandon.smith@example.com,12.0
315,Stephanie Bolton,Manager,(596)971-1148,stephanie.bolton@example.com,67.0
316,Robin Hurst,Account,774.358.4384,robin.hurst@example.com,28.0
317,Steven Thornton,Support,+1-774-413-2834x831,steven.thornton@example.com,20.0
318,David Alexander,Support,001-871-907-0449x64104,david.alexander@example.com,51.0
319,James Wallace,Project Manager,736.226.8040,james.wallace@example.com,160.0
320,Nicole Rogers,Sales,693-905-9660x186,nicole.rogers@example.com,2.0
321,Nathan Mack,Manager,626-773-2044x138,nathan.mack@example.com,82.0
322,Amanda Hill,Project Manager,249-901-4954x277,amanda.hill@example.com,29.0
323,Andrew Howard,Sales,+1-483-660-9149x8517,andrew.howard@example.com,49.0
324,Desiree Booth,Manager,(432)929-0310,desiree.booth@example.com,138.0
325,Amanda Love,Manager,7443058093,amanda.love@example.com,147.0
326,Jeremy Dixon,Agent,435.295.6164,jeremy.dixon@example.com,56.0
327,Richard Rogers,Project Manager,(557)749-0250x42901,richard.rogers@example.com,34.0
328,Priscilla Romero,Agent,001-353-569-0261,priscilla.romero@example.com,
329,Yolanda Mccoy,Manager,001-568-618-0978x8754,yolanda.mccoy@example.com,34.0
330,Erin Lloyd,Agent,(337)751-3765x158,erin.lloyd@example.com,135.0
331,Lisa Cole,Sales,(339)328-3692x94455,lisa.cole@example.com,41.0
332,Jonathan Hernandez,Sales,232.870.2164x8712,jonathan.hernandez@example.com,166.0
333,Christopher Jones,Sales,386.265.2683x41559,christopher.jones@example.com,30.0
334,Thomas Dodson,Manager,(776)947-2298x12099,thomas.dodson@example.com,88.0
335,Jeffrey Romero,Agent,001-841-634-7509,jeffrey.romero1@example.com,147.0
336,Fernando White,Manager,(303)768-4995,fernando.white@example.com,1.0
337,Bryan Hill,Sales,432.244.9134x213,bryan.hill@example.com,64.0
338,Amanda Macdonald,Support,+1-830-970-5349,amanda.macdonald@example.com,29.0
339,Sandra Phillips,Project Manager,317-767-4124,sandra.phillips@example.com,104.0
340,Natasha Walker,Support,752-285-4781,natasha.walker@example.com,26.0
341,Timothy Bauer,Account,938-400-3296x33472,timothy.bauer@example.com,13.0
342,Diane Gonzalez,Agent,583-406-1789,diane.gonzalez@example.com,111.0
343,Michael Austin,Project Manager,+1-793-957-8243x4776,michael.austin@example.com,128.0
344,Daniel Mccarty,Account,001-446-975-3612x75156,daniel.mccarty@example.com,24.0
345,Sharon Burke,Manager,+1-830-944-8360x85456,sharon.burke@example.com,125.0
346,Dean Brown,Sales,735.404.7639x2831,dean.brown@example.com,154.0
347,Alicia Bowen,Project Manager,(815)558-1083x5832,alicia.bowen@example.com,165.0
348,Christopher Brooks,Account,(638)630-0081x86702,christopher.brooks@example.com,74.0
349,Mark Watts,Sales,3418662411,mark.watts@example.com,161.0
350,Patrick Weaver,Account,(219)663-9456,patrick.weaver@example.com,12.0
351,Dale Baker,Account,+1-597-864-6136x8474,dale.baker@example.com,99.0
352,Jonathan Long,Sales,(381)673-9063x757,jonathan.long@example.com,172.0
353,Robert Daugherty,Support,882-937-9312,robert.daugherty@example.com,122.0
354,Sara Hodges,Sales,8742645205,sara.hodges@example.com,110.0
355,Daniel Hart,Agent,387.853.5778x8116,daniel.hart@example.com,17.0
356,Adam Meyer,Manager,923-471-0672,adam.meyer@example.com,152.0
357,Kimberly Ross,Manager,516-744-8595x9224,kimberly.ross@example.com,13.0
358,Danielle Ford,Project Manager,522-587-0562x27104,danielle.ford@example.com,67.0
359,Kimberly Rivera,Project Manager,7972921583,kimberly.rivera@example.com,159.0
360,Denise Hoover,Support,(594)659-6488x31921,denise.hoover@example.com,137.0
361,Justin Martinez,Account,596.359.9949x73203,justin.martinez@example.com,80.0
362,Lisa Thomas,Project Manager,305.510.2876x7548,lisa.thomas@example.com,149.0
363,Jamie Cruz,Account,954.985.8193x2426,jamie.cruz@example.com,72.0
364,Danielle Martinez,Project Manager,(452)205-7563x98365,danielle.martinez@example.com,126.0
365,Isaac Lee,Sales,001-645-215-4809,isaac.lee@example.com,107.0
366,Maria Sanders,Sales,001-344-209-0797x727,maria.sanders@example.com,176.0
367,Louis Reeves,Support,001-622-516-1070x518,louis.reeves@example.com,164.0
368,Nancy Cook,Support,+1-652-395-8066x01382,nancy.cook@example.com,138.0
369,Andrew Franklin,Account,001-386-920-4485x157,andrew.franklin@example.com,52.0
370,Thomas White,Manager,925-390-2035,thomas.white@example.com,112.0
371,Terri Parker,Agent,+1-532-640-6424x29563,terri.parker@example.com,102.0
372,Cassandra Phillips,Account,001-274-817-5955x872,cassandra.phillips@example.com,113.0
373,Keith Chaney,Support,(654)235-8841x83437,keith.chaney@example.com,103.0
374,Kelly Welch,Agent,227.495.5969x0515,kelly.welch@example.com,21.0
375,George Wong,Agent,925-942-7820,george.wong@example.com,106.0
376,Melissa Simon,Agent,834.859.5764x0381,melissa.simon@example.com,167.0
377,Tiffany Morales,Manager,4284249839,tiffany.morales@example.com,92.0
378,Rachel Brown,Account,442-557-6270,rachel.brown@example.com,172.0
379,Elizabeth Miller,Sales,936.413.2850,elizabeth.miller@example.com,14.0
380,John Mcdaniel,Sales,001-737-667-3162x526,john.mcdaniel@example.com,18.0
381,Monica Coleman,Sales,(781)257-9039x2355,monica.coleman@example.com,107.0
382,Nicole Melendez,Manager,+1-832-473-0346x1562,nicole.melendez@example.com,92.0
383,James Nicholson,Sales,3467226817,james.nicholson@example.com,139.0
384,Ashley Huffman,Project Manager,9258298670,ashley.huffman@example.com,147.0
385,Anthony Coleman,Agent,001-819-378-5758x5126,anthony.coleman@example.com,140.0
386,George Villa,Sales,001-643-289-7607,george.villa@example.com,168.0
387,John Richardson,Agent,+1-854-265-4084x245,john.richardson@example.com,102.0
388,Edward Johnson,Account,350-486-3218,edward.johnson@example.com,167.0
389,Mackenzie Jordan,Agent,257-493-8970x155,mackenzie.jordan@example.com,10.0
390,Misty Burnett,Agent,468-615-4660,misty.burnett@example.com,150.0
391,Natalie Miller,Sales,(513)894-4988x30597,natalie.miller@example.com,87.0
392,Michael Lopez,Project Manager,609.962.4406x30624,michael.lopez@example.com,144.0
393,Vanessa Flores,Manager,930.853.1949,vanessa.flores@example.com,51.0
394,Erin Price,Account,+1-905-555-5727,erin.price@example.com,165.0
395,Carolyn Price,Sales,(709)917-8513x8544,carolyn.price@example.com,54.0
396,Alyssa Weber,Project Manager,(995)596-6048,alyssa.weber@example.com,86.0
397,Joshua Gray,Sales,416-833-1942,joshua.gray@example.com,91.0
398,Heather Robinson,Project Manager,+1-945-951-5888x636,heather.robinson@example.com,68.0
399,Tim Moore,Account,(864)808-5721,tim.moore@example.com,54.0
400,Jennifer Fields,Project Manager,+1-532-499-8199x605,jennifer.fields@example.com,140.0
