contractor_id,contractor_name,phone,email,project_id,start_date,end_date,payment_terms
1,Mcgee-Zimmerman,+1-559-920-2461x75202,rebecca26@townsend.com,116,2021-05-10,2024-07-23,30 days
2,"Watson, Smith and Webb",833.225.8486x89993,lmaynard@roberts.com,95,2022-04-01,2030-09-16,30 days
3,Russell Ltd,576-979-9359,kevin03@strong.net,166,2022-03-16,2026-07-23,Milestone
4,Walker Group,860.260.1488,kayla07@lewis.com,119,2021-10-07,2036-05-21,30 days
5,Castro-Murphy,+1-330-461-5370,gary44@martin-simmons.com,116,2021-10-15,2036-03-30,60 days
6,Hubbard LLC,988-711-2103x1421,masonmary@marshall.com,83,2022-04-30,2037-06-10,Milestone
7,Mccormick-Gomez,(538)940-9112x2528,anthony66@aguirre.com,129,2021-02-22,2026-09-24,30 days
8,Oliver Group,001-591-237-8765x53007,andre55@brady-smith.com,116,2021-07-03,2026-02-07,Advance
9,Anderson Inc,+1-288-719-2778x851,larryshort@williams-rodriguez.com,22,2022-10-05,2035-10-27,60 days
10,Dominguez Group,(645)661-8517,sjohnson@lopez-davis.com,11,2023-08-14,2031-04-04,Milestone
11,"Greene, Garcia and Wilson",655-312-9391x304,rebecca41@goodwin-williams.biz,113,2023-01-09,2036-06-29,60 days
12,"Cook, Figueroa and Taylor",390-617-0756,brittanyhoffman@miller.com,94,2021-03-09,2031-06-15,Advance
13,"Haynes, Garcia and Burnett",532.228.3608x4937,qclark@lee-rose.com,100,2023-07-20,2034-07-22,Advance
14,Beltran-Jenkins,001-944-239-1649,sullivanjames@vazquez-ray.org,174,2021-05-15,2036-05-26,30 days
15,"Wright, Dawson and Hall",201.562.3419,greeralexander@peterson.com,162,2021-04-20,2037-04-26,Advance
16,"Wong, Martinez and Wood",(668)847-3236x53377,kingryan@brown.info,17,2021-06-01,2030-10-12,30 days
17,Harris-Rodriguez,624-542-6078x1975,rharris@stuart-nelson.info,143,2023-01-08,2033-07-14,Advance
18,Conway-Smith,776.638.8214,nelsondominique@francis-smith.org,65,2021-09-23,2037-12-28,60 days
19,Roach LLC,489.298.2780,kayla86@peterson.com,86,2021-03-31,2025-05-09,60 days
20,Horton-Nelson,569.599.5167,brandon55@blake-patel.info,90,2022-08-06,2031-07-20,Milestone
21,Bernard-Smith,819-323-6037,beckertheresa@higgins-walker.com,34,2021-10-04,2036-09-15,30 days
22,Davis-Scott,001-561-349-7315,trujillokylie@francis.info,80,2021-09-20,2035-12-06,Milestone
23,Weaver-Sandoval,001-607-236-5118x939,whorton@hawkins-martin.com,165,2023-09-21,2033-01-31,60 days
24,"Smith, Hill and Jackson",(930)223-3324,iperez@wilson.com,172,2023-06-17,2036-12-05,30 days
25,"Sherman, Juarez and Davenport",(321)427-6025x08261,charlesperry@perez-hess.com,166,2022-05-08,2033-09-07,Advance
26,"Peters, Byrd and Dodson",001-995-872-9893,cherylnorton@stewart-obrien.com,5,2023-01-02,2033-01-09,Advance
27,Phillips-Barton,419.212.0381x876,amberhall@allen.net,47,2021-08-16,2028-07-10,Advance
28,"Wilkerson, Allen and Tran",488-514-4582x20673,holmescolleen@henderson.net,125,2023-05-16,2029-11-10,60 days
29,"Wolf, Murray and Maldonado",900-300-0015x29113,ibowers@watson.org,36,2021-02-17,2026-10-19,30 days
30,"Hernandez, Gomez and Gray",984-644-2182,xboyd@hernandez.net,76,2020-11-25,2025-06-02,30 days
31,Edwards Group,6865700900,vreed@ward.com,170,2023-06-08,2032-12-17,60 days
32,Sullivan PLC,236-724-8355,lorraine96@williams.com,153,2023-01-17,2033-05-24,60 days
33,Allen PLC,+1-687-295-0982x210,grimesjohnny@martinez.com,42,2022-07-09,2028-10-05,60 days
34,"Quinn, Hayden and Schneider",+1-377-838-3638,john12@ross.net,113,2021-11-26,2025-04-09,Milestone
35,"Caldwell, Cross and Russell",(303)662-5863,christopher06@dougherty-welch.com,94,2023-03-22,2030-08-12,Milestone
36,Todd-Cline,5262355824,harrisonkyle@roy-palmer.net,157,2022-04-19,2030-09-04,Milestone
37,Ingram Ltd,453-988-8245,nunezmatthew@mcdaniel-brown.com,60,2022-12-09,2036-07-28,60 days
38,Hendricks and Sons,001-953-984-9516x32111,stephenscatherine@allen.com,80,2021-10-21,2034-02-15,60 days
39,Taylor Ltd,830-260-1198x75617,buckjason@osborn.org,95,2022-11-20,2037-05-05,Milestone
40,Osborne-Rodriguez,(698)603-6577,hornerebecca@khan.com,119,2021-03-30,2029-08-15,Milestone
41,Lynch-Reed,3146911894,jessemoreno@massey-willis.biz,129,2022-06-16,2036-01-04,Milestone
42,Briggs and Sons,799.782.1374,qjones@dominguez.com,42,2021-08-14,2028-04-09,60 days
43,"Herrera, Shepard and Williams",(405)837-6660x811,mcmillansherry@meyer.com,65,2021-05-06,2024-11-16,Milestone
44,Wilkerson-Davis,001-206-827-1531x23455,ryanrodriguez@boone.com,96,2022-06-14,2036-06-30,30 days
45,Riggs LLC,901-434-8087x3543,owilliams@brooks.com,133,2023-06-07,2028-06-10,Advance
46,"Benson, Obrien and Williams",(499)814-4920x749,kwang@kane-douglas.net,22,2022-09-17,2028-07-17,Advance
47,"Malone, Reese and Lowe",001-371-684-2859x69325,bartonpaige@montgomery.com,116,2023-07-09,2036-09-28,60 days
48,Lopez and Sons,826-369-8069x0872,bgallagher@ramos.com,112,2021-08-07,2025-12-14,60 days
49,"Robinson, Santiago and Morrison",(838)728-0405x612,dunnmelinda@sullivan.net,116,2023-01-01,2032-10-10,30 days
50,Hamilton LLC,286-996-5613,rgarcia@miranda.com,107,2023-09-01,2027-03-14,Milestone
51,Hooper-Christensen,234-468-2394x840,agoodwin@contreras.biz,129,2023-03-22,2033-06-27,60 days
52,Solomon-Price,7162831139,doughertynicholas@salazar.com,99,2023-05-06,2027-06-14,Advance
53,"Obrien, Hodge and Morris",662.683.9762x053,huangscott@campbell.info,58,2022-01-14,2025-01-28,Advance
54,"Powell, Roy and Powers",+1-325-608-1776x029,sandersalexandria@baker.info,26,2021-05-21,2037-06-26,Advance
55,Pineda LLC,(423)356-1781x703,morrisonaaron@robinson.com,38,2021-10-11,2027-02-12,30 days
56,"Stewart, Mcdonald and Payne",(261)433-7184x449,brandon64@williams.com,74,2022-12-22,2035-04-18,60 days
57,Hayes Ltd,316-278-1277x822,daniellehumphrey@herrera.com,121,2021-01-06,2032-11-04,30 days
58,Jackson-Payne,001-779-873-6383x1828,morganashley@moyer-johnson.org,21,2022-12-31,2025-10-16,Advance
59,"Fields, Powell and Ho",477-206-7368,kathy68@miller.com,56,2023-02-09,2028-09-10,Milestone
60,"Bailey, Craig and Miller",(450)358-7146x9218,marksanders@fischer-friedman.net,29,2021-09-28,2030-03-15,60 days
61,"Barton, Adams and Jordan",+1-884-680-2205x093,deborah49@mathis-lynch.net,78,2023-04-21,2028-04-24,30 days
62,Holland LLC,(878)987-0715x238,iwoods@lopez.biz,62,2023-06-20,2034-09-20,Milestone
63,"Brown, Burton and Mcpherson",498.776.8299x6872,troybrady@patel.com,17,2021-02-14,2025-11-20,Milestone
64,"Sparks, Wood and Dominguez",2563695790,joshuaweaver@cooper.net,153,2023-09-10,2037-05-29,30 days
65,Watkins-Gonzalez,(394)723-2894x633,fmartin@becker.com,162,2022-06-18,2035-09-08,60 days
66,Sloan LLC,(529)326-9335x8951,bwood@burns.net,37,2022-11-05,2031-05-22,Milestone
67,Bishop Group,001-944-430-3491x89117,gonzalezmarissa@perkins-adams.com,1,2022-03-03,2037-07-12,Advance
68,Clark-Parker,947-315-5313x25936,laurenwest@williams-moyer.com,62,2021-02-26,2035-08-12,Milestone
69,"Lin, Lang and Campbell",001-210-452-7698x19878,xsmith@young.net,48,2021-06-05,2037-11-08,30 days
70,Morales-Wu,486-460-5986x78744,gmccarthy@bird-barry.com,135,2023-03-01,2033-03-08,30 days
71,"Morgan, Chapman and Oconnell",294-228-2491x16502,moorekurt@hall.com,135,2023-02-03,2036-12-21,30 days
72,"Wiley, Ware and Wilcox",351-630-5570x83682,justin88@reyes.info,100,2021-05-07,2033-09-01,30 days
73,Mccarty-Vaughn,767.474.6202,keith18@trujillo.net,163,2021-05-27,2031-12-31,Advance
74,"Anderson, Huff and Martinez",+1-820-649-1060x183,tmoore@ford.info,65,2021-03-29,2024-01-13,Advance
75,"Mccarthy, Ortega and Thompson",(957)475-4584,kmoore@nguyen.com,18,2022-07-05,2032-03-14,60 days
76,"Harmon, Reyes and Sandoval",416.308.2717,mmcdaniel@cobb-chandler.org,169,2022-12-18,2038-07-27,30 days
77,"Levy, Frye and Howe",322-629-9936x21659,angelathomas@nguyen.com,149,2023-07-31,2033-01-09,60 days
78,"Harris, Hawkins and Parker",(617)977-3264x30954,whitesean@gonzales.com,12,2023-04-01,2033-02-07,Advance
79,Rivera Ltd,+1-578-471-3752x988,anthonyleonard@taylor.biz,165,2021-06-24,2027-07-23,Milestone
80,"Lopez, Johnson and Williams",001-787-497-8889x75358,danafoster@lindsey.com,179,2021-01-08,2033-07-04,60 days
81,Spence-Young,(219)495-1715x2391,kimberlyblair@curry.com,35,2020-11-11,2024-08-22,Milestone
82,Valdez-Moss,509.930.9671,franklindarius@williams-hernandez.com,10,2022-10-28,2031-06-13,60 days
83,Moore Ltd,001-876-372-0191x116,robinwilliams@griffith.net,12,2021-04-13,2027-12-08,30 days
84,Gonzalez PLC,001-930-649-3665x3802,hernandezkristen@garcia.com,81,2022-08-26,2031-08-09,Milestone
85,"Foster, Warren and Weeks",2955229462,virginia56@cochran.com,140,2023-03-02,2035-07-27,Advance
86,"Estrada, Carlson and Anderson",001-797-701-3712x436,paul23@green.com,10,2021-09-14,2037-09-20,60 days
87,Branch Inc,(215)992-7387x40299,reynoldsmichelle@gutierrez.com,74,2020-11-24,2030-11-02,30 days
88,"Santos, Santana and Peterson",820-934-0301x095,yrichardson@dean-wood.org,168,2021-12-27,2031-05-09,Advance
89,Watson-Coleman,(234)371-2476,peterskayla@martinez.biz,32,2023-09-02,2033-11-08,Milestone
90,Garcia Group,917-326-8080x815,brittanyoneill@mccann.com,103,2023-02-23,2034-10-23,Milestone
91,Gonzalez Inc,(971)630-7351x04584,lauriethompson@gonzalez.com,87,2022-10-05,2029-01-31,Milestone
92,"Rhodes, Griffin and Warner",+1-847-403-1805x339,bweeks@kim-hernandez.com,178,2023-01-19,2035-12-12,Advance
93,Warren and Sons,001-270-300-4666x145,williamsbrianna@mcdonald.com,133,2023-04-12,2031-04-30,30 days
94,Stephens PLC,494-290-5315,cheryl80@evans.biz,109,2023-04-13,2027-05-22,Milestone
95,"Fritz, Fowler and Wong",679.371.6698,godonnell@robinson.com,155,2023-05-15,2029-08-11,Advance
96,Duncan-Wright,(356)923-8994,joneslynn@martin-jordan.com,83,2022-11-08,2027-06-15,30 days
97,Mcdonald PLC,382.511.6020x418,gabrielle99@larson.info,84,2020-11-25,2037-03-31,Advance
98,Miller Group,8886948018,amanda21@arroyo-stephenson.net,79,2021-05-31,2033-03-29,Milestone
99,"Ho, Duncan and Alexander",957.308.2004x80675,meganjames@evans.com,43,2022-12-22,2034-09-20,Advance
100,"Miller, Moore and Macdonald",+1-694-229-6882x76970,jerome14@tyler.com,115,2023-07-19,2026-10-31,Advance
101,Williams-Lam,+1-832-474-8835x6517,danielle96@bowman.net,158,2022-04-19,2033-11-17,Advance
102,"Baker, Carr and Johnson",484.421.7028x516,bethany36@daniels-martinez.net,164,2021-11-06,2025-06-18,30 days
103,Adams Group,+1-983-490-6246,eguzman@johnson-whitaker.com,172,2023-03-26,2039-01-31,Milestone
104,Lewis Inc,001-535-992-3613,vkline@pollard.com,94,2022-01-24,2035-04-16,60 days
105,"Dixon, Morales and Chan",001-802-754-4724x191,marksheidi@johnson-bradley.biz,8,2022-02-26,2027-07-30,Milestone
106,Campos-Washington,001-818-924-9898x0880,collinmiller@gutierrez-abbott.com,9,2021-01-22,2026-02-25,30 days
107,Dean-Ellison,+1-964-686-9893x9698,sbradley@murphy.com,61,2021-10-02,2037-10-08,Advance
108,"Williams, Martinez and Taylor",+1-320-875-3605x117,perezcaitlin@aguirre.biz,93,2022-02-15,2032-08-21,30 days
109,Garcia PLC,655-490-6700x099,alyssa94@williams.biz,155,2023-07-19,2029-03-19,Milestone
110,Floyd-Yang,+1-696-467-6056,wilkinssarah@henderson-diaz.info,95,2023-09-11,2033-12-17,Milestone
111,"Stafford, Duncan and Patton",853-438-9062x3546,kayleerogers@brown-sanders.com,20,2022-03-28,2036-09-10,60 days
112,"Reed, Schaefer and Smith",+1-862-421-2242x76774,christina60@miller.com,136,2023-05-11,2033-06-17,Milestone
113,Bartlett-Christian,888-960-0801x798,ifrey@baxter.org,81,2021-03-08,2037-04-13,Advance
114,Wallace-Floyd,4473264261,brianrice@moss.com,64,2023-04-29,2028-03-03,30 days
115,Reed-Chapman,(380)578-5254x8242,natalie54@johnson.com,48,2021-10-05,2034-08-28,Milestone
116,"Richardson, Pearson and Morgan",(931)312-3274,xgonzales@duran-sanchez.com,144,2022-02-02,2027-01-07,Advance
117,"Gregory, Jackson and Jackson",288.362.1750,crivers@murphy-reid.com,67,2023-07-15,2035-05-13,60 days
118,"Gamble, Werner and Nguyen",+1-282-249-3534,robertsonjennifer@alexander-wagner.net,157,2022-06-08,2030-11-23,Milestone
119,Reed-Jackson,945-544-6083x851,jbush@smith.com,52,2021-01-28,2026-02-01,60 days
120,"Larson, Thomas and Bryant",284.686.9996x98829,timothy27@hill.com,19,2021-10-25,2033-09-22,60 days
121,Hall-Patrick,001-498-564-2423x8397,ashleygarcia@galloway.net,114,2021-11-14,2026-02-21,Advance
122,Myers and Sons,001-432-488-0983,williamsdaryl@hall.com,171,2022-12-01,2032-08-10,30 days
123,"Boyd, Murray and Gray",3086987610,nathanrobles@brown-ramsey.net,141,2021-01-21,2034-11-09,Advance
124,Santos-Davidson,598-707-4682,ricky95@tyler.com,77,2022-01-08,2027-10-09,60 days
125,Moon-Smith,859-667-1500x666,jonesrebecca@hendricks-evans.com,93,2022-09-25,2035-11-16,60 days
126,"Pittman, Kaiser and Walker",207-785-1699x4970,russellkelley@spencer-gray.org,32,2021-03-05,2027-10-30,60 days
127,"Sullivan, Price and Stevens",3839868889,eharrington@johnson-pratt.biz,61,2023-03-12,2036-01-03,30 days
128,Chavez-Jones,460.893.2012x657,turnerchristian@juarez.com,93,2021-07-23,2035-08-09,Advance
129,Bowers LLC,485-317-7741x27469,weaverlaura@arnold.org,120,2021-05-20,2035-06-06,60 days
130,Graham and Sons,(229)675-8917,joseph21@reed.com,157,2022-07-03,2026-10-10,30 days
131,Chan-Martinez,001-322-857-0900,sararoach@hill-brown.com,80,2022-02-23,2032-11-27,Milestone
132,Ramirez Group,(382)989-5400,eugenegreen@allen-taylor.biz,135,2021-09-09,2032-10-11,Milestone
133,David-Daniels,001-450-971-0580x11950,zavaladiane@lopez-miller.com,148,2021-02-05,2025-01-15,60 days
134,Arroyo Group,7922300716,kruegerjonathan@greer.org,82,2022-05-02,2038-04-08,30 days
135,"Dawson, Lyons and Perez",+1-629-687-6989x3652,amiranda@davis.com,116,2022-02-13,2034-05-11,Advance
136,Ballard PLC,831-504-5025,caseystafford@arellano.com,33,2022-10-22,2036-11-07,60 days
137,Warren-Keith,852.268.0648,lwest@robinson.com,34,2022-08-27,2034-02-25,30 days
138,"Lee, Torres and Thompson",264.962.8055,tmcintosh@long.org,32,2023-02-04,2036-05-26,60 days
139,Miller-Woodward,(739)320-9085,snyderholly@johnson.com,78,2022-03-21,2028-02-18,60 days
140,Barajas Group,001-286-819-0254x76022,samantha54@shepard.com,83,2021-03-19,2028-05-11,Advance
141,White LLC,001-350-702-6015,michellearias@levy-pena.org,133,2023-08-17,2032-01-02,30 days
142,Schultz-Williamson,9742071732,jeanette95@johnson.com,65,2021-11-23,2028-06-19,Advance
143,Haas LLC,+1-893-240-3910x45203,caleb84@austin.com,33,2020-12-29,2036-08-07,Advance
144,"Mcclain, Moyer and Howard",001-235-295-2056x10067,jduncan@jones.info,158,2023-05-29,2037-01-15,30 days
145,Williams-Dominguez,678.742.3394,andrewlong@bennett-charles.com,129,2022-10-27,2038-10-03,60 days
146,Smith-Martin,(301)973-6542x624,isaiah02@valentine.com,152,2022-03-19,2036-10-31,60 days
147,Chase-Jones,001-609-506-0530x8868,hernandezrebecca@cruz.com,44,2022-02-06,2038-05-13,Advance
148,"Pennington, Campbell and Gregory",859.688.7592x129,randallhall@barnes.com,145,2021-05-15,2024-08-27,30 days
149,Ellis LLC,421.547.7092x07115,whiteryan@garcia.com,21,2023-09-29,2027-02-10,Advance
150,Meadows-Warren,389-370-5916,xlewis@pierce-miller.org,167,2021-01-28,2027-11-23,Milestone
151,"Brady, Vaughn and Ruiz",001-516-388-0053x789,jfranklin@kerr.net,159,2022-02-14,2037-12-22,30 days
152,Ali-Collins,4185227200,amanda32@dougherty.com,128,2021-12-18,2037-07-27,Advance
153,Pena-Simon,001-281-516-5993x0202,hilljennifer@robinson.com,165,2022-11-11,2031-08-26,Milestone
154,Howard-Arias,001-813-653-0281x650,rgonzalez@cooper.com,63,2022-08-28,2033-07-31,Advance
155,Stevens-Sanders,001-319-883-2102,harrisonnicholas@williams.net,117,2022-08-30,2026-08-09,30 days
156,Raymond Inc,538-341-9662x291,gtucker@richardson.com,41,2021-09-19,2033-05-19,Milestone
157,Stevens-Mullins,7637621986,turnerjustin@turner-johnson.biz,124,2022-07-26,2034-09-21,60 days
158,Cohen PLC,001-433-896-5049x62732,ryanflowers@phillips.com,88,2022-06-16,2037-08-26,60 days
159,Wade-Gillespie,001-358-854-2188x0879,danielleramsey@miller.com,81,2021-09-17,2030-10-30,Advance
160,Castro and Sons,(547)525-0583,stacy03@miller.net,103,2021-09-23,2026-11-26,Advance
161,Johnson-Baird,757-569-4757x694,tammy65@kennedy.org,132,2022-11-30,2037-02-14,30 days
162,Rivers-Brown,242.712.5450,william52@carlson-morris.com,82,2022-12-06,2030-05-28,Milestone
163,Sanders-Richard,(313)607-4235,paulfitzpatrick@williams-contreras.com,32,2023-03-29,2031-04-16,Milestone
164,"Silva, Wright and Merritt",(214)254-3079x63731,simpsonalyssa@gillespie-thomas.com,64,2023-07-23,2028-12-23,30 days
165,Blair-Griffin,+1-945-623-5426,megan70@crawford.com,13,2021-02-16,2029-09-02,Milestone
166,"Johnson, Rice and Hogan",001-523-977-7296x6563,rodriguezrhonda@wilcox.com,158,2023-07-19,2034-10-19,60 days
167,Randolph-Brown,(458)700-0272x214,mbates@coleman.com,41,2021-06-09,2030-09-20,Advance
168,"Schwartz, Martinez and Sellers",001-468-817-2031x36955,rebeccajohnson@lopez.com,49,2021-10-03,2027-07-04,Milestone
169,Ball PLC,(433)222-2739x389,michael73@perez-perez.biz,132,2022-04-03,2034-06-29,Milestone
170,"Bell, Johnson and Sanders",3874082697,patrickgarcia@martinez-sanders.com,79,2021-02-28,2034-01-21,30 days
171,"Walker, Estes and Byrd",+1-621-476-4846x7357,jasonbooker@hendrix.com,24,2023-07-14,2034-03-18,Milestone
172,"Romero, Walters and Webster",442-758-9222x5606,nathanwilliams@allen-prince.info,62,2021-06-23,2028-06-16,Advance
173,Wyatt Inc,+1-904-767-4130,melissadodson@delgado.com,13,2021-10-31,2025-04-13,Advance
174,"Jones, Hampton and Thompson",+1-208-746-3975x61547,john12@keller.com,127,2020-11-06,2035-10-19,Milestone
175,Knight Ltd,956-740-9196x93957,brianlara@smith.biz,74,2021-02-04,2034-10-24,30 days
176,"Smith, Dean and Pearson",821-824-1393,ppatel@sullivan-knight.net,28,2021-06-18,2032-12-17,60 days
177,Jones Group,973.819.2276x0759,john39@steele.biz,68,2022-10-23,2032-11-29,Milestone
178,Lopez-Mckay,+1-795-923-1202x19150,snelson@bowman.com,94,2022-03-10,2025-07-22,Milestone
179,Taylor PLC,964.648.6764x979,barnesjames@simmons-ewing.com,14,2021-01-01,2035-05-18,60 days
180,Johnson and Sons,(453)973-0964x969,omiller@santos.com,93,2022-03-13,2036-03-29,Advance
181,Williams LLC,001-470-925-5128,bcraig@young-miller.com,19,2022-02-26,2032-09-01,Milestone
182,Hendricks-Oliver,+1-595-696-5466,karen43@fletcher-floyd.com,141,2023-05-27,2031-09-12,30 days
183,Foster PLC,001-539-634-4974,hbaker@copeland.com,33,2023-05-24,2027-10-30,Milestone
184,"Murphy, Fisher and Jacobs",939.488.9413x2109,vazquezdarius@gill-mendoza.com,96,2020-12-29,2030-07-10,Advance
185,Lee-Mccoy,(855)679-2203x00449,jhickman@carr.com,37,2022-12-30,2029-07-26,Milestone
186,Taylor Inc,775.765.8963,jmaynard@arellano-miller.org,129,2022-04-21,2025-08-03,30 days
187,Blackburn LLC,001-558-743-4566x311,dyerkenneth@lee.com,10,2023-05-20,2028-09-20,Advance
188,"Taylor, Hodge and Lee",842.846.3104x379,johnsonlacey@edwards.com,122,2023-08-23,2036-12-12,Milestone
189,"Chung, Hernandez and Ballard",677-541-7430,brian38@valentine-martin.net,39,2022-05-31,2037-08-10,60 days
190,Henderson-Morgan,252.433.2829x302,richard13@rich.com,84,2023-05-20,2038-08-29,Advance
191,King Group,711.767.5076x279,rachelbrown@may-clark.com,42,2021-09-21,2032-05-26,Advance
192,Navarro PLC,001-347-223-0342x02847,gibsonfrank@stanley.com,152,2021-07-11,2031-01-20,Milestone
193,Brown-Olsen,001-464-687-1775x4619,hughesdanielle@herrera.com,145,2021-01-04,2029-09-19,Milestone
194,Fuller-Morgan,822-659-0956,robin23@wright-lopez.org,5,2023-09-03,2033-11-09,Advance
195,Garcia Inc,801-287-8035,gibsonbrandon@carter-johnson.com,173,2021-02-11,2025-11-17,Milestone
196,Gomez PLC,+1-494-952-9517x122,pgoodman@grant.com,150,2023-05-03,2032-03-16,30 days
197,Vincent-Hernandez,562-265-4963,jamesroberts@ramos-stein.com,153,2020-11-18,2033-04-14,Advance
198,"Pittman, Porter and Greene",704-570-2059x68519,ncrawford@mckee.com,168,2022-02-01,2036-09-15,60 days
199,"Figueroa, Gutierrez and Adams",877.752.2592x061,thomascassandra@valdez.com,14,2021-06-21,2036-03-04,Milestone
200,"Mitchell, Jones and Glass",001-463-802-9559x63637,margaretsharp@gallagher.com,44,2021-06-07,2034-11-26,Milestone
201,"Green, Robertson and Lucas",+1-251-633-1380,janetmoore@miller.com,38,2022-03-20,2029-10-09,30 days
202,Curry-Dixon,858-626-8687,garciabrandi@murphy.com,147,2021-02-11,2025-11-17,60 days
203,Hood Ltd,9065298778,abigail66@bautista-ross.com,5,2022-02-02,2033-10-02,Advance
204,"Graham, Anderson and Phillips",(419)226-2213,hannah04@carr.com,108,2021-04-18,2026-11-18,Milestone
205,Oconnor-Pace,001-611-379-7269,williegonzalez@dunn.biz,177,2021-04-09,2028-01-03,Milestone
206,Mclaughlin Ltd,(500)805-3285,moniquesmith@williams.net,129,2022-07-14,2037-10-23,Milestone
207,"Mckinney, Mcconnell and Tran",(869)829-9007,lynnavila@hodge.net,16,2021-10-15,2027-02-16,60 days
208,"Lynch, Cruz and Clarke",837.461.8518,pgibson@arnold-sanford.com,144,2021-09-02,2030-12-14,Milestone
209,Lee Ltd,323.939.2188x35279,jeanette06@snyder-davis.com,135,2020-10-17,2031-02-22,Advance
210,"Cummings, Petersen and Jackson",+1-388-914-3192x7976,gomezbrittney@castaneda.com,45,2022-08-03,2034-08-30,Advance
211,"Jimenez, Navarro and Smith",001-326-465-6862x959,shane49@watkins.com,140,2022-04-12,2032-02-19,Advance
212,"Nelson, Graham and Fields",001-674-329-9074x72966,zandrews@smith-smith.org,157,2021-09-28,2034-04-23,60 days
213,Parks-Jimenez,+1-559-694-6418,jenkinsjohn@stone-soto.com,64,2022-09-26,2031-01-12,Advance
214,"Perkins, Stokes and Rodriguez",(249)780-4450x9286,davidclay@martin.info,58,2022-06-27,2031-03-12,Advance
215,Ross-Tran,3085248458,hawkinsamber@lee.info,54,2020-12-15,2033-09-08,Advance
216,"Briggs, Arnold and Montgomery",001-274-218-5630x2750,brandoncooper@wolf-powell.org,123,2022-02-01,2031-11-11,Advance
217,Newman-Smith,(964)218-4937x846,bsloan@wilson.com,74,2023-04-30,2028-05-03,Milestone
218,Welch and Sons,(951)603-4444x29906,stephanie86@martin-case.biz,102,2020-12-03,2030-08-13,60 days
219,Wilson LLC,+1-296-772-5622x219,jasonreid@phillips.com,75,2021-05-24,2024-09-05,Advance
220,Torres-Roberts,959-339-6521x38350,karlchandler@garcia.org,21,2022-11-01,2032-07-11,Milestone
221,Figueroa Group,(421)817-3277,amanda83@reed.net,168,2021-01-11,2028-10-31,Milestone
222,White Ltd,325-925-1618x5759,brownsabrina@christian.com,55,2022-03-04,2028-10-28,Advance
223,Gibson-Adams,353.952.4784,kellykevin@stevens.org,144,2021-11-21,2030-01-08,60 days
224,Cook Group,480.833.1836x11338,palmerwilliam@burnett.com,28,2021-08-27,2037-01-05,60 days
225,Castillo Group,404.386.2515,aholt@decker-lewis.com,63,2022-04-16,2025-09-27,60 days
226,Burnett-Mueller,6186915673,vcrawford@ramos-gray.com,164,2021-10-02,2029-01-23,30 days
227,Chapman-Brown,233-262-9994x6645,rodriguezamanda@peterson.com,26,2023-04-24,2034-05-26,Advance
228,"Peterson, Davis and Miller",+1-968-744-2464x884,xjackson@murphy-mckinney.com,121,2023-09-13,2028-03-20,60 days
229,Dougherty Ltd,390-422-1797,allison39@roach-murray.com,2,2023-01-01,2036-12-18,60 days
230,"Evans, Sheppard and Schaefer",343-367-2868,jessicalittle@rice.biz,105,2023-04-05,2039-06-10,Milestone
231,Rowe PLC,297.481.4590,griffinbarbara@stewart-castro.biz,123,2023-01-27,2039-03-04,60 days
232,"Clark, Morrow and Brooks",+1-358-580-7053x2601,smithsusan@martinez.com,74,2022-08-04,2031-10-16,Advance
233,Bailey-Sanchez,(409)608-5818x10450,jenniferclark@bullock.net,166,2023-07-17,2027-03-28,30 days
234,Gray Group,(571)535-8969,john90@smith.biz,167,2022-11-25,2037-05-10,60 days
235,Chen-Carter,+1-331-856-6397x92551,john90@anderson.info,137,2021-03-05,2024-05-18,60 days
236,Johnson-Moore,+1-666-660-5342x816,montoyafelicia@johnson.org,107,2021-07-25,2027-09-22,30 days
237,Haley-Morris,258.546.4051,taylortina@baker.biz,102,2023-10-03,2036-07-26,60 days
238,Taylor-Vincent,744-547-1893,johnstonbarbara@barnes.com,75,2021-09-04,2024-11-17,30 days
239,"Dalton, Sims and Holt",9926288498,karen51@young.info,77,2023-09-30,2038-02-13,30 days
240,Martinez-Adams,206.588.1164,stacey98@santana.info,86,2021-05-14,2029-09-29,Milestone
241,"Burgess, Nixon and Walker",536.247.7041,deandaniel@lee-petersen.biz,165,2022-09-04,2036-07-22,Milestone
242,Gardner Group,(354)220-4123,shannon20@chang-jones.com,35,2020-11-21,2033-12-13,Milestone
243,Norris-Combs,919-632-4538x109,blevinssandra@christensen.info,70,2023-09-23,2030-03-20,30 days
244,"Cross, Grant and Hernandez",(649)263-2251x7422,marisa32@garcia-ferguson.org,85,2020-11-28,2026-09-28,Milestone
245,Lee Group,461.263.0702x86720,wheelerkimberly@myers.com,166,2021-01-04,2028-10-24,60 days
246,"Ward, Ortiz and Stephens",3059779500,derrickmoses@sheppard.org,4,2021-02-01,2030-08-13,Advance
247,Lopez Inc,+1-372-821-1386x9087,hthomas@brock.com,146,2022-10-02,2029-03-29,60 days
248,"Russell, Rodriguez and Crawford",001-528-817-0744,luceroduane@malone.com,157,2021-12-23,2037-10-30,Milestone
249,Thomas-Wong,2256239412,judy77@bennett.com,110,2021-07-28,2034-10-18,Advance
250,Fisher Ltd,(251)432-7617x948,stacy59@bell.com,23,2023-08-29,2034-07-02,30 days
251,"Rodriguez, Friedman and Herrera",626-986-4986,gmoody@fisher.com,48,2023-03-28,2028-07-29,Milestone
252,"Fox, Collins and Green",337.881.9190x74992,bradley69@barber.com,83,2020-10-31,2028-06-21,30 days
253,"Hayden, Garrett and Bass",834-784-8647x08213,ryan20@jones.com,67,2022-06-18,2032-12-22,60 days
254,"Mcmillan, Hernandez and Smith",903-530-0008x86346,salazaraaron@armstrong.com,115,2022-11-18,2030-12-06,Advance
255,Sullivan Inc,5919692327,nsingh@price.com,78,2021-11-11,2036-07-25,30 days
256,"Zhang, Tapia and Bender",+1-667-546-3000,ryanzamora@conley.com,67,2022-01-25,2038-04-01,Advance
257,Flores Ltd,+1-685-245-8294x203,coxmario@ramirez.com,178,2023-01-07,2030-05-30,30 days
258,Brooks-Andrews,+1-444-694-6672x010,patrickjasmine@kent.com,171,2022-09-09,2027-08-14,Milestone
259,Palmer PLC,001-440-926-2085x81745,kristinehoward@jenkins.com,79,2023-07-26,2029-04-25,Milestone
260,Smith-Phillips,(391)882-8518,fullerkristie@reed-smith.biz,176,2022-04-04,2035-03-27,Advance
261,Brown PLC,(430)546-6001,stephenjohnson@koch.com,177,2021-04-11,2026-03-16,Advance
262,"Branch, Burton and Jones",820-748-5076,stephanieingram@mcintyre.com,95,2023-03-17,2038-07-26,60 days
263,"Thompson, Thomas and Gonzales",246.701.9153,zball@bird.com,57,2022-02-02,2027-05-07,Milestone
264,Bailey Group,976-482-2512,achavez@myers.com,40,2021-11-23,2033-11-20,Advance
265,Cisneros-Chase,919-376-8784x947,belindafowler@smith-gutierrez.com,107,2023-10-06,2037-09-22,Milestone
266,Mason-Webb,422-335-4340x4668,christophergibbs@bridges-jacobs.com,138,2022-12-17,2039-05-22,60 days
267,Scott-Floyd,5643411197,stevensmith@patterson.org,64,2021-06-27,2036-06-08,30 days
268,"Baxter, Shaw and White",888-649-6806,reedcorey@kaiser.com,135,2022-01-05,2033-11-03,Advance
269,Collins-Douglas,212-530-1604x986,tthomas@may.com,20,2021-06-23,2035-10-08,30 days
270,Brown Ltd,319.378.9990,antonio03@ellison-wells.com,16,2021-08-26,2035-08-13,60 days
271,Christensen Group,001-619-378-6016x2590,megan78@dillon-morse.com,147,2021-10-24,2035-07-13,60 days
272,Mullen LLC,958.221.0728,dtaylor@hodges.biz,43,2021-02-12,2030-05-26,Milestone
273,Johnson-Vaughn,697-922-3996,ihampton@washington.com,30,2021-03-29,2027-12-23,Milestone
274,Castro-Rodriguez,2242808557,denisecaldwell@lee-tate.com,24,2022-09-11,2035-11-02,Milestone
275,Martin Inc,(890)969-6857x4670,carl91@lane.com,15,2022-06-22,2034-06-19,60 days
276,Brown-Wilson,(442)661-0703x35084,jacquelineneal@medina.net,132,2021-03-03,2032-05-04,Milestone
277,"Jones, Johnson and Turner",369-710-5302,bennettjennifer@pierce.com,145,2022-01-13,2025-08-25,Milestone
278,"Parrish, Mendez and Rivera",981-810-5014x7642,floresjohn@flores-hubbard.com,173,2021-10-09,2030-08-23,30 days
279,"Townsend, Bullock and Velez",812-239-5978x15542,umartin@smith-phillips.com,102,2021-05-16,2029-03-05,30 days
280,"Kirby, Wood and Ramirez",001-977-320-5171x07308,patrick47@cooley.com,56,2022-08-22,2037-04-05,30 days
281,Tucker LLC,780.927.4148,patrickmartin@cook.net,12,2021-09-17,2033-01-17,Advance
282,Barry and Sons,+1-284-907-6642,jvega@dougherty-heath.com,180,2022-07-03,2026-04-13,30 days
283,Barber Group,862.259.2386x8790,zachary86@shelton.com,18,2022-03-25,2034-07-20,30 days
284,Smith-Kramer,+1-289-727-3961x59764,erinrojas@cole-doyle.net,74,2021-10-16,2032-10-18,60 days
285,Porter-Morgan,526-819-0384x227,stanleyclark@mccarthy.com,35,2023-04-28,2039-04-04,Milestone
286,Rodriguez Inc,457.769.1716x204,robertsmary@ray-hall.com,96,2022-11-03,2033-04-09,Milestone
287,Houston PLC,2393220269,jack64@poole-brown.net,97,2021-07-15,2031-11-20,30 days
288,Hayes Inc,616.537.0500,jackconley@king.biz,175,2020-11-24,2037-03-30,60 days
289,Farrell Group,(594)276-3808,uavila@brown-ibarra.org,168,2023-04-01,2033-01-08,30 days
290,"Nguyen, Hale and Robinson",+1-832-572-7281x291,denise49@brown-rivas.biz,46,2023-05-25,2037-02-10,Milestone
291,Brewer-Holloway,228.945.3974x995,wagneramy@cabrera-barnes.info,136,2022-09-19,2027-10-23,60 days
292,Mathis-Smith,4803192902,kimberly43@johnson.com,1,2022-05-03,2025-03-18,Advance
293,Thompson and Sons,(733)732-0235x102,melissa01@dyer.com,119,2023-04-12,2037-02-27,Milestone
294,Perez Group,001-588-484-3933,melissa62@simmons.com,137,2023-09-11,2034-02-15,60 days
295,"Yang, Cooke and Hall",(844)712-9075,stephaniewilson@rasmussen.com,64,2023-03-11,2035-04-07,Advance
296,Stevens-Chapman,721-306-2941x937,henrygriffin@perez.biz,40,2021-02-09,2029-04-28,60 days
297,Wyatt-Hill,228-264-6120x96173,donnasuarez@stewart-taylor.com,29,2021-05-03,2024-06-16,Milestone
298,Thornton Inc,(335)650-5143x219,elizabethwilliams@washington-garza.com,158,2021-08-08,2024-05-24,60 days
299,Jacobs-Martinez,001-442-221-8834x581,kelsey77@reynolds.biz,53,2021-11-25,2025-10-05,30 days
300,Nixon and Sons,001-629-898-6515x90257,brian85@gordon.net,153,2023-03-27,2026-05-10,Milestone
