project_id,project_name,start_date,end_date,location,unit_id
1,Marcusmouth Project 1,2021-06-12,2023-06-12,North Alexandraland,1431
2,East Morgan Project 2,2020-12-23,2022-12-23,North Todd,6933
3,New Darlenefurt Project 3,2021-03-18,2023-03-18,Foxshire,5046
4,West Jeffreyland Project 4,2021-11-17,2022-11-17,East Dianaland,5281
5,West Angelachester Project 5,2022-10-13,2023-10-13,Lauraton,1826
6,Allisonland Project 6,2024-04-17,2026-04-17,Christianborough,3327
7,North Jessicaside Project 7,2022-12-31,2026-12-30,Lopezhaven,3983
8,New Colleen Project 8,2023-08-02,2024-08-01,New Kara,8763
9,Port Daniellestad Project 9,2022-07-22,2026-07-21,Parkchester,5907
10,East Lauraside Project 10,2024-07-18,2028-07-17,Wagnerburgh,6262
11,Mahoneymouth Project 11,2023-01-23,2025-01-22,Meganchester,8840
12,Mckenziemouth Project 12,2024-01-16,2028-01-15,New Amy,4225
13,Michaelmouth Project 13,2022-05-21,2026-05-20,Moyertown,1087
14,West Caitlinhaven Project 14,2023-11-18,2027-11-17,West Adam,4473
15,Port Leslie Project 15,2021-09-25,2023-09-25,Samanthahaven,5184
16,North Benjamin Project 16,2023-02-27,2025-02-26,Ericview,4972
17,East Jonathan Project 17,2022-05-09,2023-05-09,Christopherfurt,6204
18,Lake Chris Project 18,2023-03-19,2024-03-18,Lauraburgh,2117
19,New Dawnton Project 19,2022-11-13,2026-11-12,Millerton,2115
20,Michaelchester Project 20,2024-09-17,2026-09-17,Conradville,3593
21,Lake Denise Project 21,2024-06-28,2026-06-28,Lake Kimberlyfurt,1170
22,Alicemouth Project 22,2021-01-08,2025-01-07,West Wayne,4139
23,North Emily Project 23,2021-09-23,2022-09-23,Maddoxshire,8190
24,East Ryanfurt Project 24,2022-12-09,2024-12-08,East Matthew,6201
25,New Raymondland Project 25,2022-10-25,2023-10-25,Shawberg,44
26,South Anita Project 26,2024-01-12,2028-01-11,Fostershire,3461
27,East Charles Project 27,2021-08-16,2023-08-16,Morrisshire,6858
28,Lake Robertstad Project 28,2021-03-04,2025-03-03,Jamesstad,365
29,Port Kevinstad Project 29,2023-04-26,2026-04-25,Hansonmouth,1069
30,East Gina Project 30,2020-12-24,2024-12-23,Port Jessica,6094
31,Lake Brianberg Project 31,2021-02-26,2025-02-25,Alexanderville,1777
32,Ruizmouth Project 32,2022-02-01,2026-01-31,Lake Amanda,6032
33,Anaberg Project 33,2021-08-28,2023-08-28,South Brandyhaven,5196
34,Georgeport Project 34,2020-12-22,2024-12-21,Port Heather,6988
35,South Dianatown Project 35,2021-12-11,2025-12-10,South Donnastad,6854
36,North Kellyfurt Project 36,2024-06-19,2027-06-19,South William,2365
37,West Toddside Project 37,2023-10-23,2025-10-22,East Jamesmouth,7785
38,North Johnhaven Project 38,2023-03-05,2026-03-04,Matthewfurt,8479
39,North Michael Project 39,2023-12-16,2027-12-15,Michaelport,3939
40,Lisaview Project 40,2021-10-17,2023-10-17,Zamoratown,5496
41,Jeremiahmouth Project 41,2023-02-25,2026-02-24,Sandovalland,1443
42,Meyerbury Project 42,2023-11-23,2027-11-22,Allenberg,5099
43,Reneemouth Project 43,2022-08-09,2023-08-09,Danielsborough,5978
44,New Amber Project 44,2023-07-26,2026-07-25,Port Devin,4455
45,South Wendy Project 45,2023-09-20,2025-09-19,Lake Sarah,3501
46,West Carlos Project 46,2024-09-09,2027-09-09,East Lonnieberg,3116
47,Port Lucaschester Project 47,2023-11-19,2026-11-18,Turnerview,680
48,North David Project 48,2021-06-09,2024-06-08,Port Valerieview,1318
49,New Jesse Project 49,2023-05-14,2024-05-13,West Christopherfort,3024
50,Josephstad Project 50,2021-05-12,2023-05-12,Port Paul,3211
51,East James Project 51,2022-10-22,2024-10-21,South Kathytown,4619
52,Stephaniebury Project 52,2024-09-22,2026-09-22,Port James,7142
53,Camachofort Project 53,2021-07-18,2025-07-17,Michellebury,1245
54,Parsonsfurt Project 54,2022-08-11,2024-08-10,Phillipshire,5279
55,New Danielmouth Project 55,2023-04-26,2025-04-25,East Aprilfurt,5890
56,New Paulton Project 56,2023-12-02,2024-12-01,West Scott,8028
57,Kimport Project 57,2024-07-20,2028-07-19,Jacksonport,1841
58,Lake Zacharyberg Project 58,2023-05-26,2027-05-25,Gallegosmouth,5137
59,East Kimberlyside Project 59,2021-03-05,2024-03-04,South Robert,3791
60,East Shawnborough Project 60,2022-09-16,2026-09-15,Davismouth,6798
61,Lake Jessica Project 61,2023-09-25,2027-09-24,North Jasminstad,6401
62,Acostahaven Project 62,2021-02-25,2022-02-25,South Andrea,2641
63,West Ariana Project 63,2020-12-23,2022-12-23,East Misty,4359
64,South Kylemouth Project 64,2021-07-20,2025-07-19,Courtneyville,8371
65,East Adam Project 65,2024-08-11,2028-08-10,Alexanderfort,4432
66,Stephenstown Project 66,2024-06-05,2025-06-05,Youngshire,6839
67,Chavezmouth Project 67,2023-08-06,2027-08-05,New Carolbury,6137
68,Christineside Project 68,2024-07-17,2028-07-16,North Jack,1624
69,Benjaminton Project 69,2021-01-09,2022-01-09,Markland,7370
70,South Victoriaburgh Project 70,2020-12-31,2023-12-31,Cherylshire,2290
71,South Kara Project 71,2024-02-21,2027-02-20,Sarahland,4551
72,Marcusfurt Project 72,2024-01-22,2028-01-21,Port Ronaldside,7524
73,Thomasville Project 73,2021-01-24,2025-01-23,Markchester,7270
74,Lake Jason Project 74,2023-01-09,2025-01-08,North Ashleyhaven,8482
75,Ramseyport Project 75,2021-03-01,2025-02-28,Lynchmouth,4982
76,Sarashire Project 76,2021-11-23,2023-11-23,Stonefort,8809
77,New Jesse Project 77,2022-11-20,2025-11-19,Tiffanytown,4384
78,South Colleenville Project 78,2021-04-17,2025-04-16,Port Christina,6500
79,Williamsstad Project 79,2022-07-22,2026-07-21,North Danielle,3614
80,Jonathanland Project 80,2023-09-22,2024-09-21,Kevinside,1292
81,North Ginamouth Project 81,2022-03-03,2026-03-02,Ramseytown,6735
82,East Mark Project 82,2024-04-30,2027-04-30,Sandrafort,3380
83,Roblesberg Project 83,2024-09-08,2028-09-07,Mooremouth,892
84,Stevenchester Project 84,2024-08-01,2026-08-01,Port Adrianashire,8709
85,Angelatown Project 85,2023-11-16,2027-11-15,New Gina,3311
86,Carlberg Project 86,2024-03-11,2026-03-11,Marymouth,1861
87,New Catherine Project 87,2022-05-21,2023-05-21,New Darryl,2428
88,Janetmouth Project 88,2024-02-13,2028-02-12,West Robertfort,5280
89,West Shannon Project 89,2024-07-09,2025-07-09,Javierport,2651
90,West Kristenborough Project 90,2021-07-14,2022-07-14,South Williamfort,4966
91,East Matthew Project 91,2024-08-21,2028-08-20,Oconnorhaven,7206
92,Douglasville Project 92,2022-02-10,2024-02-10,East Jenny,6545
93,Reeveshaven Project 93,2022-09-29,2026-09-28,North Larryton,4712
94,West Steventon Project 94,2023-09-18,2025-09-17,New Katieport,8966
95,Danielleborough Project 95,2020-11-19,2021-11-19,Jamesport,8553
96,Kendraville Project 96,2021-12-19,2024-12-18,Edwardview,668
97,New Anitaville Project 97,2021-04-11,2025-04-10,New Michael,1181
98,Donaldport Project 98,2022-02-22,2025-02-21,East Charles,1931
99,Amberton Project 99,2023-05-26,2025-05-25,North Thomas,3953
100,North Patrickland Project 100,2023-08-31,2027-08-30,Myersshire,1918
101,Jensenport Project 101,2023-06-20,2026-06-19,Lisaside,1105
102,Bradleyland Project 102,2021-02-15,2024-02-15,Davisport,8841
103,Ruizbury Project 103,2023-09-14,2027-09-13,Port Paula,5237
104,Philipmouth Project 104,2021-11-20,2024-11-19,Shawntown,8780
105,Rodriguezfort Project 105,2021-01-25,2025-01-24,Singletonport,1762
106,Cassandraberg Project 106,2024-01-21,2027-01-20,South Lisaville,4588
107,Port Kevinmouth Project 107,2022-03-06,2023-03-06,Garzabury,1130
108,New Erik Project 108,2023-06-07,2027-06-06,Reyesmouth,5559
109,Muellerchester Project 109,2021-09-04,2022-09-04,Amybury,7925
110,Lake Sarahshire Project 110,2021-07-11,2022-07-11,Wilsonmouth,894
111,Port Seanport Project 111,2022-03-05,2025-03-04,Jonesville,1233
112,Murphyton Project 112,2023-09-15,2025-09-14,East Lisashire,3200
113,Port Dwayneberg Project 113,2024-08-19,2025-08-19,Schmidtfurt,118
114,Gonzalezmouth Project 114,2023-05-30,2024-05-29,Ashleyport,3749
115,Robbinsstad Project 115,2024-09-11,2025-09-11,New Alanhaven,2160
116,Port Kelly Project 116,2022-07-05,2024-07-04,Rachelton,490
117,Danielport Project 117,2020-10-17,2022-10-17,East Ryanshire,222
118,Jenniferfurt Project 118,2022-06-20,2023-06-20,Grahamborough,295
119,South Don Project 119,2023-08-11,2025-08-10,Bridgesstad,3946
120,Mooreberg Project 120,2024-05-12,2026-05-12,North Charles,1439
121,Lake Nicole Project 121,2020-11-09,2022-11-09,Proctorberg,7861
122,Lake Linda Project 122,2021-02-24,2025-02-23,Englishchester,5849
123,South William Project 123,2023-06-11,2024-06-10,Cruzbury,6603
124,Jacobsshire Project 124,2021-07-31,2023-07-31,Bradfordbury,1560
125,Robertside Project 125,2023-10-27,2027-10-26,Arthurton,5330
126,Bushville Project 126,2023-03-17,2026-03-16,Nixonland,4264
127,Stevenland Project 127,2021-05-24,2024-05-23,East Thomasland,7605
128,Chloemouth Project 128,2023-09-13,2025-09-12,South Shawnfort,2657
129,Robertport Project 129,2023-03-26,2024-03-25,Garyport,61
130,Bryanfort Project 130,2023-11-19,2025-11-18,New Brett,812
131,West Toddberg Project 131,2022-01-12,2025-01-11,Port Kristenview,8974
132,Joshuaview Project 132,2021-05-09,2022-05-09,Lake Danielburgh,7627
133,Lake Sean Project 133,2024-08-29,2025-08-29,West Kimberly,1050
134,Whitehaven Project 134,2021-10-17,2024-10-16,West Traceyberg,3697
135,Port Tyler Project 135,2023-04-29,2027-04-28,Townsendbury,7590
136,Barberburgh Project 136,2023-08-08,2027-08-07,New Jessica,8885
137,Lake Josephville Project 137,2022-04-05,2024-04-04,East Stevenfort,4517
138,Reeseside Project 138,2022-01-27,2023-01-27,South Frances,5476
139,Bakerhaven Project 139,2022-06-13,2024-06-12,Smithmouth,6497
140,Suzanneton Project 140,2022-06-01,2023-06-01,New Danachester,2442
141,Matthewview Project 141,2023-05-22,2026-05-21,West Destinyfurt,3256
142,Lake Emily Project 142,2022-10-02,2023-10-02,New Matthew,4921
143,West Amy Project 143,2023-09-23,2024-09-22,Port Carloschester,6561
144,Lake Seanbury Project 144,2021-03-16,2024-03-15,Johnathanton,8147
145,North Sheenaborough Project 145,2020-11-21,2024-11-20,Lake Susanland,5756
146,South Diana Project 146,2024-06-07,2027-06-07,North Heather,1581
147,Stevenland Project 147,2021-11-13,2022-11-13,Livingstonview,4646
148,Schwartzmouth Project 148,2024-01-24,2027-01-23,Fernandoland,5725
149,South Paulton Project 149,2021-12-20,2022-12-20,Stephanieview,8261
150,Jonesborough Project 150,2021-07-19,2025-07-18,Whitefort,1625
151,New Kayla Project 151,2021-04-02,2025-04-01,New Dawn,7308
152,Baldwinville Project 152,2024-09-02,2025-09-02,North Chadview,1851
153,Smithfort Project 153,2024-02-05,2028-02-04,Lake Danielle,539
154,Lake Peterberg Project 154,2024-10-04,2027-10-04,Rebeccashire,8851
155,Mendozafurt Project 155,2020-10-21,2024-10-20,New Jeremiahfurt,6414
156,Martinezside Project 156,2023-09-21,2025-09-20,Mathewport,2426
157,Lake Wendyland Project 157,2022-06-30,2026-06-29,Amandamouth,8923
158,Hodgesport Project 158,2021-02-17,2023-02-17,East Angela,3985
159,West Heather Project 159,2022-06-04,2025-06-03,Lake Haleyfort,287
160,Mossberg Project 160,2021-02-24,2025-02-23,East Anthonyshire,3471
161,Priceside Project 161,2021-10-21,2025-10-20,Victormouth,337
162,West Brianton Project 162,2020-11-10,2024-11-09,Wilsonhaven,126
163,Lake Beth Project 163,2022-09-28,2025-09-27,North Jillfort,3607
164,South Rebeccaton Project 164,2023-07-28,2026-07-27,Lake Deborah,5997
165,Lake Brendan Project 165,2020-11-07,2022-11-07,Loriville,963
166,Port Brittany Project 166,2022-09-24,2023-09-24,North Tylerbury,2148
167,South Matthew Project 167,2021-01-22,2024-01-22,Nguyenshire,1509
168,West Mary Project 168,2023-02-11,2027-02-10,Port Brandon,4235
169,Bryanview Project 169,2021-07-12,2023-07-12,Port Robert,8968
170,Angelamouth Project 170,2023-10-02,2027-10-01,New Billy,4900
171,Stricklandtown Project 171,2021-03-20,2025-03-19,Millertown,7898
172,Lake Deniseport Project 172,2021-07-21,2024-07-20,Steelefort,1495
173,East Douglas Project 173,2023-09-26,2024-09-25,Alexandrachester,7711
174,New Heather Project 174,2021-10-22,2025-10-21,Lake Vincent,4472
175,Michaeltown Project 175,2021-03-01,2024-02-29,East David,8609
176,New Michaelside Project 176,2023-01-17,2025-01-16,South Kaylee,876
177,West Brian Project 177,2023-08-06,2027-08-05,Port Edwardfort,441
178,East Elizabeth Project 178,2022-11-27,2024-11-26,North Deannaport,6538
179,Kingmouth Project 179,2021-09-06,2024-09-05,North Joyside,1682
180,Port Anthony Project 180,2021-07-16,2024-07-15,North Pattymouth,1816
