"investor_id","investor_name","phone","email","company_name","portfolio_id"
"1","Kimberly Cunningham","(752)792-1923","kathy67@example.net","None","195.0"
"2","Alvarez-Nelson","465-553-3332x945","evansjohn@example.net","None","168.0"
"3","Michael Oliver","(353)970-2204x00982","kristacunningham@example.org","None","172.0"
"4","Rubio, Perry and Bailey","627-431-7044x5927","kyletaylor@example.net","Strickland, Nichols and Lara","25.0"
"5","Jennifer Foster","913-895-5093x32493","stephanie17@example.net","None","77.0"
"6","William Martin","001-351-719-4779","christinascott@example.com","Smith Inc","307.0"
"7","Mccoy-Bell","6052884685","christophervalenzuela@example.net","None","299.0"
"8","Bishop-Phillips","284-940-9172x031","crystalnguyen@example.net","None","147.0"
"9","Megan Yang","+1-683-662-1993x10307","jonesdominique@example.com","Sanchez LLC","1.0"
"10","Carrie Johnston","335-750-2486x723","montesmichael@example.net","None","74.0"
"11","Denise Mclaughlin","(592)848-9010","zmahoney@example.com","None",""
"12","Dawn Wilson","9647666169","bensonjessica@example.net","Gilbert-Morris","341.0"
"13","Barrett LLC","001-955-352-0644x87945","rodriguezjordan@example.net","Butler-Bautista","360.0"
"14","Hernandez Inc","318.891.3106x57208","frederickrobinson@example.net","None","24.0"
"15","Jackson-Jacobs","287.722.0102","ucooper@example.com","Austin-Hampton","331.0"
"16","White LLC","824.962.5790","mbennett@example.net","Jones-Elliott","187.0"
"17","Nicholas Herrera","001-951-235-9190x54832","patrick81@example.net","None","75.0"
"18","Isabel Greer DVM","2326421448","maryalvarez@example.com","None","314.0"
"19","Dana Berry","+1-631-957-8057x582","audrey10@example.com","Brown-Ellis","35.0"
"20","Garcia, Williams and Daniels","884-365-2409x373","billymontgomery@example.org","Simpson-Clark","240.0"
"21","Harrison-Evans","483.548.1077x524","mariaarcher@example.org","Thomas-Curtis","356.0"
"22","Molly Soto","235-709-0124x70624","gregory75@example.com","Brown, Nelson and Kelly","212.0"
"23","Davis LLC","723-768-1377","martinezrodney@example.org","None","223.0"
"24","Miller, Logan and Burke","712-456-7011","nicholashays@example.org","Manning-Clark","315.0"
"25","Rodney Foster","676.203.7065x78586","delgadophilip@example.net","Middleton Inc","207.0"
"26","Jaime Harrell","001-591-635-6528x22384","knightdylan@example.com","White, Rosales and Boyd","384.0"
"27","Richard Snyder","882.298.5415","rodriguezjessica@example.net","None","384.0"
"28","Mendez-Mckenzie","734.923.6389","kristina05@example.net","None","338.0"
"29","Collins, Nelson and Johnson","001-670-284-2611x6197","hray@example.net","None","329.0"
"30","Kristine Richards","764.462.2466x1023","shirleytaylor@example.com","None","230.0"
"31","Diana Thompson","805.972.2871","jamesdunn@example.org","None","66.0"
"32","Brandon Thompson","(567)760-8175x37489","xpeck@example.net","Braun-Maynard","107.0"
"33","Montgomery Group","999-404-9483","danny88@example.org","Hinton Inc","363.0"
"34","Emily Lewis DDS","001-883-975-9343x096","zbenton@example.com","Fields PLC","289.0"
"35","Melody Walker","503.616.3035x5558","rharvey@example.net","None","178.0"
"36","Nancy Sanders","8026547305","cindychen@example.org","None","238.0"
"37","Saunders, Wilson and Combs","+1-595-281-8671x3646","toddvelazquez@example.org","Lee-Nielsen","319.0"
"38","Justin Silva","(700)695-1979x237","stephendrake@example.net","None","161.0"
"39","Tammy Daugherty","+1-873-367-6397x4321","thomasbarbara@example.com","Porter-Johnson","15.0"
"40","Michelle Baker","499.753.1769","darmstrong@example.com","Burton PLC","362.0"
"41","Mendez, Beck and Ferguson","+1-275-242-8088x49406","jessicaellis@example.org","None","1.0"
"42","Rebecca Walter","(861)275-0918","torresnicole@example.org","None","155.0"
"43","Haney, Alexander and Johnson","(754)401-2816x3085","donald74@example.net","None","234.0"
"44","Amy Serrano","(348)232-1142x61084","richardvalenzuela@example.com","None","3.0"
"45","Robert Padilla","+1-517-552-8296","justincastillo@example.net","None","362.0"
"46","Gonzalez LLC","+1-563-526-2129x207","jonesricardo@example.org","None","324.0"
"47","Joseph Castillo","699.884.3472","gloverstephanie@example.com","Davis-Cook","54.0"
"48","Gallegos, Flores and Wilson","283-330-8346x4262","johnwilliams@example.org","None","119.0"
"49","Camacho, Caldwell and Harris","274-345-3072x071","allenanna@example.net","Bowman-Watson","215.0"
"50","Brenda Weaver","(630)777-5931","lindastevens@example.com","Vang LLC","195.0"
"51","Kimberly Casey","(817)311-0020","beckerkyle@example.org","None","219.0"
"52","Michael Floyd","929.811.5048x2960","joanne62@example.com","Miller Inc","155.0"
"53","Phillips-Farley","001-638-918-9265x745","ebeard@example.org","Williams PLC","359.0"
"54","Williams-Morgan","470.572.6499","williamsmatthew@example.com","None","291.0"
"55","Jon Stone","(724)550-0884x32369","allenamanda@example.net","None","31.0"
"56","Adrian Warren","240-620-6321x7708","xhoward@example.org","None","238.0"
"57","Mitchell, Parker and Wilson","(611)938-7640","asoto@example.net","Anderson, Jenkins and Lozano","340.0"
"58","Miller, Harding and Fleming","+1-583-955-7215x548","dana02@example.com","None","296.0"
"59","Emily Jones","(492)830-4068x3477","robertalopez@example.org","Moss-Townsend","369.0"
"60","Parks-Mcdonald","662-667-1069x85983","carlyhansen@example.com","None","9.0"
"61","Gonzalez-Wilkins","868.907.7330","armstrongbrian@example.com","Gillespie, Flynn and Lee","359.0"
"62","Lauren Roberson","+1-412-684-6867","morriselizabeth@example.net","Velez LLC","212.0"
"63","Castro-Gonzalez","496-200-4033x994","donnachen@example.net","None","310.0"
"64","Mueller Ltd","+1-674-973-8491x33949","kellyaudrey@example.org","Guerra Ltd","342.0"
"65","Jacob Mcdonald","231-572-5146x4743","stacy56@example.net","None","385.0"
"66","Baird-Stevenson","+1-465-218-9747x4474","lori55@example.org","None","299.0"
"67","Pearson, Warner and James","+1-664-735-3644x448","mckinneyluke@example.com","Smith-Gonzalez","162.0"
"68","Walton, Smith and Hawkins","755.309.6765x8560","robert51@example.net","None","37.0"
"69","Weaver LLC","794.973.4036x4449","ygriffith@example.net","Lloyd Inc","39.0"
"70","Koch, Jimenez and Palmer","(273)563-0836","duncanrobert@example.net","Stewart, Vasquez and Bates","243.0"
"71","Kristen Garcia","(227)784-1892x243","hopkinschristopher@example.net","Flores Group","173.0"
"72","Robert Stephens","3124906566","johnsonemily@example.org","None","251.0"
"73","James Johnson","001-583-876-7819x22026","cohenchristine@example.org","Brooks Group",""
"74","Tara White","001-679-461-2161","kaylapage@example.net","Brown, Armstrong and Oconnor","325.0"
"75","Hunter Ramsey","(398)416-1529","rickysmith@example.net","Cole and Sons","124.0"
"76","Jeffrey Peterson","001-866-751-7929x0488","christopherrogers@example.net","Wilson Group","239.0"
"77","Julie Williams","926-869-1737","joshua80@example.org","Frazier-Fernandez","157.0"
"78","Turner-Carter","(850)448-4642","karlabishop@example.net","None","215.0"
"79","Paula Thomas","(897)272-4135x956","joseph86@example.net","Orozco, Erickson and Johnson","115.0"
"80","Rose-Edwards","(509)396-6501x02479","shawn33@example.org","None","76.0"
"81","Lindsey Smith","(787)437-8245x539","michael58@example.net","None","169.0"
"82","Stephen Brooks","538-534-1720x14220","andersonmeagan@example.org","Nichols Inc","70.0"
"83","Savannah Barber","001-554-856-0893x189","harold39@example.com","None",""
"84","Matthew Booth","+1-890-339-8910x61547","sgomez@example.com","Leon-Davis","270.0"
"85","Shah, Jackson and Holmes","5616649549","jerry19@example.com","Thompson-Flores","23.0"
"86","Phillip Lane","656.783.8316x9509","salasangela@example.net","None","388.0"
"87","Richmond-Perry","001-459-610-4101x731","igilbert@example.com","Garcia, Valdez and Valencia","319.0"
"88","Erin Newton","693-601-0481","garciaangela@example.org","None","220.0"
"89","Moran, Burton and Kane","685-202-1297x7582","jonathanhoward@example.com","Hawkins-Harris","308.0"
"90","Derrick Mendoza Jr.","5077470062","fitzpatrickholly@example.com","Snyder, Alvarado and Jacobs","81.0"
"91","Lewis Group","001-322-571-7805x93102","ahayden@example.net","Brown Group","290.0"
"92","Martin Adams","431.289.4045x586","shelbyjackson@example.net","None","72.0"
"93","Jones, Robinson and Nichols","2228690578","dwatson@example.com","None","6.0"
"94","James Ramos","940-299-1137x85513","kendra55@example.org","None",""
"95","Miller LLC","001-375-546-4291x890","kimberly87@example.net","Chang, Andrews and Taylor","118.0"
"96","William Reed MD","388.807.7534","michael23@example.com","Walton, Nielsen and Richardson","280.0"
"97","Mcgee PLC","793-392-2533","alvaradomark@example.net","Guzman, Ramos and Bradley","102.0"
"98","Spears, Montgomery and Jones","+1-450-215-3583x2626","ronaldsutton@example.net","None","233.0"
"99","Marshall, Johnson and Garcia","001-297-872-3403x461","moralesterri@example.org","None","264.0"
"100","Paul Richardson","(344)339-4320x3333","uwheeler@example.org","Carey PLC","333.0"
"101","Wallace Inc","385.558.7243","bsullivan@example.com","None","223.0"
"102","Kennedy-Martin","311.307.3279","hraymond@example.com","None","125.0"
"103","Ryan Cooley","268.214.2427","griffithheidi@example.net","None","204.0"
"104","Jonathan Pearson","845-974-9500x13061","rowen@example.org","None","41.0"
"105","Michael Conner","352.507.1329x72381","terrytammy@example.net","None","115.0"
"106","Mrs. Leslie Green MD","895-255-9001x08293","franktodd@example.net","Rogers Ltd","53.0"
"107","Jack Cooper","765.261.9518","annagarrett@example.com","None","168.0"
"108","Brian Williams","(213)394-9067x1975","ashley61@example.net","Flowers, Patel and Harper","165.0"
"109","Daniel Nguyen","001-907-755-3701x13280","patrick99@example.org","Palmer, Smith and Parker","162.0"
"110","Emily Riley","357-558-0074","victoria72@example.net","Curry Ltd","32.0"
"111","Carla Jackson","310-335-9120","cathygomez@example.org","Morton and Sons","208.0"
"112","Stone, Boyle and Young","879.334.7496x852","melinda32@example.net","Tran-Hudson","90.0"
"113","Cameron Moreno","488.943.4275x57413","daydavid@example.com","None","378.0"
"114","George Robinson","+1-317-356-8033","ericgray@example.net","None","171.0"
"115","Stewart, Alvarez and Coleman","001-547-371-5279x86057","stevenodonnell@example.com","Lee PLC","28.0"
"116","Larry Rogers","001-987-393-3127x75041","rachelsmith@example.net","None","67.0"
"117","Charles Shepard","950-905-4790x91435","david73@example.com","Rojas, Shaw and Mayo","364.0"
"118","Daniel Savage","261-433-6263","aschneider@example.net","Branch, Soto and Reed","222.0"
"119","Saunders-Schultz","232-359-5581x728","michaelsellers@example.org","King-Pierce","118.0"
"120","Kristina Cortez","+1-742-805-8378x7329","ewilliamson@example.net","None","20.0"
"121","Thomas Carpenter","(208)259-6433x5472","wrightjoy@example.net","Sanchez Group","290.0"
"122","Stephen Williams","+1-732-847-5121x72764","gregory78@example.com","None","127.0"
"123","Tamara Horne","736.801.3877","josephowen@example.net","None","159.0"
"124","Sharon Barrera","+1-715-530-8724x7896","terrycarr@example.org","None","175.0"
"125","Sherri Burns","251.998.6730x7018","ydavis@example.net","None","232.0"
"126","Bradley Crosby","001-375-336-4360x0334","taylorjennifer@example.net","Garcia-Livingston","360.0"
"127","Kimberly Tanner","9267239573","garciakatherine@example.net","None",""
"128","Matthew Guerra","(910)936-0556","sean98@example.org","None","250.0"
"129","Mary Rodriguez","(429)866-5562","bonnie79@example.org","None","235.0"
"130","Cooke PLC","324-268-9919x0046","christinahancock@example.net","None","189.0"
"131","Michael Gardner","405.779.3559","qashley@example.net","None","315.0"
"132","Gary Lara","388-850-2034x4686","desireehenson@example.net","None","336.0"
"133","Aguilar-Sanders","+1-848-657-1104x7392","fhall@example.net","Simmons, Lawrence and Allen","274.0"
"134","Courtney Rojas","778.815.7269","scottroberts@example.com","Jones Inc","14.0"
"135","Carlos Gomez","001-734-465-9331x32456","xrodriguez@example.org","Cole-Ross","374.0"
"136","Lindsey Aguilar","680-352-6957x829","teresa77@example.net","None","238.0"
"137","Terry Clayton","914.789.7893x4955","charlottebruce@example.net","None","264.0"
"138","Hood Group","648.987.0784","madison98@example.org","Lindsey Group","173.0"
"139","Jerry Harrington","712-325-6921","gjacobs@example.net","None","62.0"
"140","Peterson, Salinas and Black","001-876-249-1036","rpotts@example.com","None","137.0"
"141","Stark LLC","001-466-388-6714","adamfrey@example.com","Kim, Chase and Calhoun","228.0"
"142","Jessica Morrison","001-234-790-4262x98916","erin54@example.com","Barnett Inc","339.0"
"143","Julia Ray","+1-862-284-5629x8231","clarkmiranda@example.net","Hanson, Goodman and Stokes","35.0"
"144","Eric Mccoy","001-805-384-9849x96165","thompsonnicole@example.net","None","76.0"
"145","Alexis Montgomery","936.201.9637","pamelawood@example.org","Lee, Harper and Allen","36.0"
"146","Kelly Jones","001-626-666-1673x874","carol38@example.org","None",""
"147","Sandra Dickson","8373114778","kellyfleming@example.net","Allen LLC","104.0"
"148","Jason Oconnell","903.526.2571","tommyperry@example.net","None","36.0"
"149","Wood-Hernandez","785-398-9233","brianfarrell@example.org","Castro-Woods","101.0"
"150","Steven Brown","815.696.5432x877","turnercharles@example.com","Franklin LLC","96.0"
"151","Samuel Hughes","(368)282-9192","erin53@example.org","None","237.0"
"152","Paige Mitchell","(385)236-0977x37521","lawrence27@example.org","None","185.0"
"153","Smith, Smith and Bradley","(559)350-9553x6914","angelabrooks@example.com","None",""
"154","Cohen, Reyes and Jordan","933.287.9753x70641","fwalker@example.org","None","69.0"
"155","David Garza","703-585-5501x35453","katherinelarson@example.com","Anderson-Mahoney","321.0"
"156","Tara Mcdonald","6237538701","jguerra@example.org","Rivera LLC","376.0"
"157","Kenneth Madden","(370)543-5869x755","elliottcarolyn@example.org","None",""
"158","Weaver, Daniels and Henderson","+1-830-378-5207x02483","timothy22@example.org","None","140.0"
"159","Stephanie Scott","(870)890-2930","andersonlaura@example.net","Walton, Glover and Humphrey","380.0"
"160","Jones-Carlson","(284)764-4633x665","jennifer85@example.net","None","216.0"
"161","Tara Bell","(929)746-2120","yvonne24@example.org","None","393.0"
"162","Reilly-Daniels","(929)862-2930x6969","xriddle@example.org","None","133.0"
"163","Monica Jones","001-370-825-1496x4534","nkemp@example.org","Knight, Massey and Clark","53.0"
"164","Anthony Evans","784.448.0085","christian44@example.net","None","351.0"
"165","Lindsey Whitaker","(478)239-3721","janetstuart@example.org","Middleton-Scott","259.0"
"166","Elizabeth Waller","001-868-545-8189","marialove@example.com","Zavala Group","269.0"
"167","Kim Cox","6209817967","garciaphilip@example.org","Jenkins, Arnold and Brown","277.0"
"168","Elliott PLC","+1-268-255-7714x0755","gonzalezjoanna@example.org","None",""
"169","Robert Glenn","973-880-7210x07986","tiffany88@example.com","None","181.0"
"170","David Brown","001-229-434-7796x2890","michael71@example.com","Deleon-Martin","321.0"
"171","Peterson, Tyler and Mueller","386-203-7861x159","vanessa26@example.com","Larson Inc","35.0"
"172","Frank Torres","001-638-621-3979x53093","cody93@example.com","None","36.0"
"173","Harper-Smith","479.302.1463","vincentharris@example.com","Cooper-Vang","276.0"
"174","Ritter, Kennedy and Choi","+1-327-598-6968","bgarcia@example.org","Jackson-Trujillo","360.0"
"175","Joshua Wilson","001-806-518-2891","rebecca95@example.com","Austin, Booker and Frazier","376.0"
"176","Lauren Mills","382.493.9605x9775","ashleytucker@example.net","None","356.0"
"177","Johnson-Watson","+1-957-490-0989","edward75@example.net","None",""
"178","Joseph Parker","256-574-7310","davidmoran@example.net","None","205.0"
"179","Keller Inc","001-351-488-1347x721","allengonzales@example.net","Olson-Gonzalez","4.0"
"180","Rowe-Becker","001-406-552-2847","crosbyanthony@example.org","None","384.0"
"181","Shelley Taylor","932.267.9079x7890","emilydavidson@example.net","Brown, Hall and Hughes","218.0"
"182","Braun-Castillo","441.482.1709","nlewis@example.com","Butler-Harris","329.0"
"183","Bates PLC","212.333.3806x8524","margaretjohnson@example.net","None","375.0"
"184","Patrick Koch","929-228-5608","gibsonmolly@example.com","None","338.0"
"185","Shelton, Anthony and White","391.750.5570x0328","lcortez@example.net","None","274.0"
"186","Salinas, Hill and Romero","(857)745-1047x9430","hunterhernandez@example.net","None","28.0"
"187","Jorge Dennis","(966)266-5153x5302","vsteele@example.net","None","348.0"
"188","Lori Calderon","826.523.0320","thomasamanda@example.net","Vincent Inc","77.0"
"189","Martin PLC","(578)265-7844","blackburnmary@example.com","Obrien, Fritz and Peters","1.0"
"190","Angela Stewart","3926360792","michael42@example.com","None","286.0"
"191","Shannon Moore","297.250.9955x4846","amandahopkins@example.org","Stephens, Johnson and Williams","288.0"
"192","Mooney, Gray and Peterson","252.825.5624","balldavid@example.net","None","167.0"
"193","Jessica Combs","+1-600-314-9495x87670","donaldking@example.com","Jones Group",""
"194","Clark Ltd","+1-806-587-1239x783","kingjoseph@example.net","Wright, Wood and Fisher","304.0"
"195","Joseph Hoffman","712-905-4627","jennifer43@example.com","Hughes, Klein and Miller","235.0"
"196","Potts, Buck and Smith","(337)362-1666","williamsstephanie@example.org","Mccall LLC","77.0"
"197","Nelson PLC","(356)609-9357x277","robert99@example.net","Gonzalez-Chandler","117.0"
"198","Jerry Garcia","286.724.8409x7561","michele98@example.org","Wong, Cameron and Bentley","124.0"
"199","Brian Huffman","+1-914-342-7452","allison70@example.com","None","246.0"
"200","Owens Inc","714-945-1447","allenerik@example.net","Bryant, Wood and Wood","197.0"
"201","Gilbert-Nelson","438-834-1178","walkerdarlene@example.net","Perez, Nichols and Reyes","302.0"
"202","Goodman, Gilmore and Holland","+1-782-635-0954x01069","scottmurphy@example.net","None","120.0"
"203","Carpenter, Woods and Jones","+1-306-295-2303x4939","emilyross@example.net","Henderson PLC","357.0"
"204","Anthony Cook","988-319-2783","christopherwest@example.com","Cooper and Sons","167.0"
"205","Leslie Cox","+1-889-412-0424x57092","wpeterson@example.net","None","261.0"
"206","Cynthia Solomon","600-999-3785x8194","bryan14@example.net","Martinez-Brown","283.0"
"207","Jesus Thompson","001-763-909-5840x391","mitchellporter@example.com","None","188.0"
"208","Clark-Mitchell","6467705094","jenniferboone@example.org","None","247.0"
"209","Timothy Ramirez","802.467.7171","cory43@example.com","Tucker-Wallace","198.0"
"210","Jessica Sampson","001-764-842-2749x4041","mcgeetimothy@example.org","None","270.0"
"211","Hahn and Sons","(517)838-0436x9685","whogan@example.net","Taylor-Walker","261.0"
"212","Albert Buck","+1-271-878-7953x1856","laura90@example.com","None","374.0"
"213","George, Hines and Edwards","777.875.2898","coxjennifer@example.org","Frey and Sons","377.0"
"214","Jeffrey Gallagher","479-226-0839x024","taylorvincent@example.net","None","276.0"
"215","Macias-Roberts","419-836-9014x480","hamiltontina@example.net","Arnold PLC","54.0"
"216","Hall-Cardenas","+1-216-711-6721x365","richardssean@example.net","None","360.0"
"217","Alan Hawkins","479.236.9185x406","brandy09@example.org","None","151.0"
"218","Morris-Thompson","567.354.7586x637","stevenhaynes@example.net","Lee, Turner and Berger","389.0"
"219","Knight-Turner","001-202-317-8304x5219","tracy87@example.net","None","53.0"
"220","Roberts-Chavez","(869)329-4775x70067","bennetthenry@example.com","None","83.0"
"221","Bryant-Gordon","(610)900-1359x304","donna65@example.net","None","15.0"
"222","Eric Henry","001-231-552-9618x007","stephensjeffrey@example.com","None","273.0"
"223","Max Parrish","3537821535","thuffman@example.org","Hayes-Hale","16.0"
"224","Riley PLC","(930)287-9719x78393","kingcrystal@example.org","Hall Inc","138.0"
"225","Cassandra Johnson","+1-941-449-9945x22562","adamramos@example.com","Kim Group","166.0"
"226","Christopher Carroll","966-706-9197x75656","amber11@example.com","Johnson Ltd","143.0"
"227","David Warren","+1-725-397-7852x153","staceybryant@example.com","Walsh-Mcdaniel","85.0"
"228","Phillip Lopez","895-497-3098","millerjanet@example.net","Ball Ltd","383.0"
"229","Amy Moore","+1-367-938-3032x8224","ccurry@example.net","Conrad-Crawford","112.0"
"230","Bryan Torres","(490)549-1778","david21@example.org","Anderson PLC","36.0"
"231","Keith Mccarthy","671-337-4355x644","juliaduffy@example.net","None","354.0"
"232","Erica Williams","(373)789-5515","stricklandjeremy@example.net","None","57.0"
"233","Kelli Crosby","(812)725-9518x2001","laurengarcia@example.com","Jones-Stone","348.0"
"234","Jake Griffith","8564522349","johnsonamanda@example.net","None","278.0"
"235","Jennifer Nguyen","(453)797-7922","jessesalazar@example.org","None","46.0"
"236","Steven Wilson","(693)227-6348x1963","wellsjared@example.org","None","300.0"
"237","Anderson, Jackson and James","(247)974-1103x46383","bassjohn@example.net","None",""
"238","Bailey, Davis and Wilkerson","(977)773-9858x31090","jason58@example.com","Bennett, Riddle and Gordon","179.0"
"239","Martha Morton","(748)515-3013x2832","john40@example.com","None",""
"240","Joshua Gibson","(945)559-0487x4025","randy48@example.com","None","181.0"
"241","Megan Malone","6042977834","erinvillanueva@example.org","None","363.0"
"242","Christine Smith","+1-202-469-5153x409","janicejohnson@example.com","Bowman PLC","6.0"
"243","Morris, Walker and Wilson","832.871.7848x169","kevans@example.org","Alvarez, Wilcox and Wilson","354.0"
"244","Gerald Lopez","(810)912-2838","jonathanpayne@example.net","None","374.0"
"245","Simmons, Liu and Williams","+1-225-997-1970","kfox@example.net","None",""
"246","Nathan Rivera","(608)474-8769x98068","bcook@example.net","Hodge-Kennedy","43.0"
"247","Green-Larson","712.233.4452","cody27@example.net","None","84.0"
"248","Ashley Braun","001-547-515-2960x96864","wernermichelle@example.com","None","70.0"
"249","Pamela Boyer","001-851-311-3129x1695","hcox@example.org","Estrada Group","112.0"
"250","Donald Henry","985.710.4800","huynhashley@example.com","Bates-Avila","134.0"
"251","Jose Gomez","299.783.1732x550","pamela82@example.com","Hammond-Meyer","35.0"
"252","Montoya, Clark and Thomas","+1-416-704-7869x3763","ronniegray@example.com","None","232.0"
"253","Price, Berg and Bryant","651.406.4100x8781","adamsjeremy@example.net","None","24.0"
"254","Jennifer Johnson","679.681.2051x56689","richard35@example.com","Chang, Gibson and Price","211.0"
"255","Pena-Moss","+1-601-451-4799x848","ogonzales@example.net","Garcia PLC","134.0"
"256","Jeffrey Holmes","723-641-3791x193","potterthomas@example.com","None","136.0"
"257","Jones-Skinner","873-572-1977x87604","sarah68@example.org","None","59.0"
"258","Robert Hawkins","219.960.9349x959","elizabethevans@example.net","Sherman, Johnston and Oneal","382.0"
"259","Kylie Dunn","(596)572-7258x500","kcrosby@example.org","Reynolds-Cole","358.0"
"260","Alexander Inc","827.462.3350","moyerpatricia@example.org","Rodriguez, Scott and Lane","382.0"
"261","Schmidt PLC","835.707.4943x629","marcus07@example.net","None","1.0"
"262","Donna Hill","001-389-400-4260x205","fanderson@example.net","None","135.0"
"263","Peter Lara","4714358709","kcarr@example.org","None","378.0"
"264","Brendan Lutz","744-292-7289","daughertyedward@example.org","None","130.0"
"265","Brenda Ochoa","8958770303","william12@example.net","None","206.0"
"266","White-Rivers","+1-205-989-4324","alexanderharrison@example.org","Townsend-Hendricks","129.0"
"267","Byrd, Johnson and May","7943755282","benjaminjohnson@example.org","None","399.0"
"268","Amber Jackson","(710)677-4165x97842","halesteven@example.com","None","134.0"
"269","Michael Shields","001-619-773-3889x9285","fwright@example.com","Brown PLC",""
"270","Sutton Inc","001-244-758-6693","davidclark@example.org","Barajas and Sons","358.0"
"271","Garcia LLC","774-247-8726x0851","clarkgina@example.net","None","368.0"
"272","David Hooper","480.243.4340x0952","lori14@example.org","Odom, Werner and Cooper","113.0"
"273","Johnston-Jackson","(387)371-4152x7219","jennifer67@example.com","Wright Group","117.0"
"274","Joshua Davis","329.480.7498","brownamanda@example.net","Potts PLC","240.0"
"275","Rita Cisneros","(797)449-1695x766","lallen@example.org","Carroll LLC",""
"276","Anthony Diaz","812.738.9517","uturner@example.org","None",""
"277","Shawn Parrish","001-802-453-6132x354","monroeapril@example.org","None","167.0"
"278","Amy Clark","2539175896","kristen76@example.com","Thomas-Perez","97.0"
"279","Charles Ramirez","+1-383-480-9355","joshuaspencer@example.com","Sanders-Lindsey","72.0"
"280","Robert Lee","+1-503-274-6926x729","moodycody@example.net","None","192.0"
"281","Ross Inc","001-662-639-8499","evansjustin@example.org","Sullivan-Mitchell","217.0"
"282","Wood-Hendrix","(973)519-1998","isabella02@example.net","None","23.0"
"283","Chad Reid IV","6668063862","mmanning@example.org","None","133.0"
"284","Lucas Baker","(574)300-7635","eroach@example.net","None","393.0"
"285","Hernandez-Wells","886.541.1329x34071","williamstracy@example.org","Chan-Jordan","399.0"
"286","Kristin Williams","(366)456-6121x270","oaguilar@example.net","Martin Ltd","173.0"
"287","Cynthia Long","763.336.9868x21246","deanamy@example.org","Long, Baker and Wilson","275.0"
"288","Tamara Gardner","779-897-1855x45775","kristenleon@example.net","None","293.0"
"289","Mitchell-Chavez","001-367-501-4407","wkeller@example.com","None","35.0"
"290","Brian Griffin","404-943-0453x590","andersonleslie@example.org","Oliver, White and Haynes","28.0"
"291","Robert Alexander","901-473-0705x692","john27@example.net","Anthony, Tanner and Lee","279.0"
"292","Anthony Williams","(833)682-6207x3668","danielschristian@example.com","None","150.0"
"293","Parks-Hall","001-269-579-8690x070","ldunn@example.org","None","180.0"
"294","Hughes Inc","791-838-0908","gthompson@example.org","Glass-Richardson","312.0"
"295","Thomas Green","624.356.3893x2679","dhall@example.net","None","214.0"
"296","Brown-Garrison","546.988.9964x7994","jeanbyrd@example.net","None","354.0"
"297","Jennifer Hunter","+1-527-800-7856x370","bethany49@example.com","None","80.0"
"298","Henderson-Jenkins","(747)276-6450","jamesgreene@example.org","Jacobs Group","46.0"
"299","Robert Smith","+1-369-218-2675x48285","morrisdorothy@example.net","None","353.0"
"300","Meredith Kaiser","+1-459-843-1477x0007","mortonvincent@example.com","Castillo Ltd","250.0"
"301","Mark Ellis","(204)726-3878x125","michellegray@example.org","None","232.0"
"302","Justin Ferguson","813.461.1610x5417","thompsonjon@example.com","Perez-Pierce","169.0"
"303","Mr. Justin Johnson","+1-394-241-6401","nielsenryan@example.org","None","112.0"
"304","Kelly Smith","895.404.5048x6796","patricia53@example.com","Perry and Sons","289.0"
"305","Rivera Ltd","556.343.1178","kim66@example.com","Miller, Guerrero and Martin","262.0"
"306","Alison Rogers","689-592-9068","carriepratt@example.org","Haney Group","217.0"
"307","Carr, Sanders and Hudson","769-892-5689x1951","christine95@example.org","Mason, Barker and Pierce","22.0"
"308","Jason Stewart","+1-253-209-9629x86306","inelson@example.com","None","66.0"
"309","Steven Zhang","+1-439-714-4387x818","nathaniel79@example.com","Gilbert, Maldonado and Watts","190.0"
"310","Amy Smith","546-939-0494x31396","kennedyjohn@example.com","Cardenas PLC","327.0"
"311","Becker Group","+1-287-911-6234x813","victoria34@example.com","None","73.0"
"312","Gibson Inc","363.831.4993","vcunningham@example.com","None","260.0"
"313","Zachary Nguyen","(435)443-4704","alan40@example.org","Acevedo-Horn","5.0"
"314","Cooper Inc","+1-403-747-4539x60128","lschaefer@example.org","Boyer, Gould and Hughes","274.0"
"315","Santiago and Sons","(687)297-8452x742","chad46@example.net","None","147.0"
"316","Jennifer Mendoza","7363719918","andradesarah@example.org","None","361.0"
"317","Jeremiah Rowe","3155151157","patricia88@example.org","Bridges Inc","133.0"
"318","Michelle Dyer","364-240-2998","shawn43@example.net","None","179.0"
"319","Miller Ltd","001-991-931-4728","laradebra@example.com","None","183.0"
"320","Villarreal-Zimmerman","473.371.9184x17266","jessica40@example.org","Ochoa, Brown and Hall","292.0"
"321","Rachel Wood","(804)329-7960","pricewilliam@example.net","Powell LLC","181.0"
"322","Kevin Stone","001-239-934-9053x0811","martinezdean@example.com","None","4.0"
"323","Berger-Chavez","001-963-440-4459","robertchang@example.com","None","52.0"
"324","Garcia, Martinez and Williams","(698)769-1771","douglas02@example.net","Green, Simpson and Maynard","194.0"
"325","Phillips, Glenn and Nelson","(825)809-6231","petersdavid@example.org","None","313.0"
"326","Gonzalez-Ramirez","495.310.7988x6446","upeck@example.org","None","213.0"
"327","Erica Smith","384-233-8191","anthonyhill@example.net","Parker Inc","252.0"
"328","Mary Huber","+1-358-476-0531x232","carrollmark@example.net","None","120.0"
"329","Jordan Gonzales","991-507-6075","nicolelopez@example.net","None","343.0"
"330","Russell Inc","763-558-4718x67619","jduncan@example.net","Dudley LLC","356.0"
"331","Brown Group","001-609-475-8041x53496","contrerasdarlene@example.com","None","96.0"
"332","Monica Miller","+1-475-721-7521","lwilliams@example.com","Mullins-Bennett","265.0"
"333","Hampton-Price","8418778464","wesley62@example.org","None","353.0"
"334","Hughes, Miller and Evans","448.239.0159x8208","benjaminvance@example.com","Randall PLC","150.0"
"335","Adams-Freeman","001-728-488-5034x86506","paula73@example.org","Chambers, Davis and Curry",""
"336","Gary Green","418-250-8748","brittany44@example.org","None","377.0"
"337","Kathleen Rogers","+1-499-841-2991x67384","bentleybrendan@example.org","Reed-Adams","284.0"
"338","Pearson Ltd","507-442-3639","brucebush@example.net","None","134.0"
"339","Katherine Sloan","649.591.4917x75803","jacob58@example.org","Farley Inc","195.0"
"340","Williams, Luna and Crawford","732.612.7250x6236","jacksondouglas@example.com","Cox, Martin and Kelly","323.0"
"341","Jonathan White","(356)692-9259","stefanie49@example.org","Tanner, Compton and Adkins","234.0"
"342","Allen-Hughes","(924)544-0315x342","petersonjessica@example.com","None","164.0"
"343","Juan Brown","(305)332-1412","ryantorres@example.com","None","139.0"
"344","Kayla Middleton","2032372016","khamilton@example.com","Schmidt, Griffin and Santana","126.0"
"345","Mr. Brent Castro","467.297.3487","cooperashley@example.net","None","372.0"
"346","Justin Ford","(845)448-7701","garrettamy@example.com","Tran LLC","149.0"
"347","Tracy White MD","362.317.6336","lunacrystal@example.com","Little, Robertson and Barrett",""
"348","Rachel Obrien","+1-608-746-2023x160","harrisjames@example.org","None","297.0"
"349","Brenda Morris","7287916784","coletammy@example.com","Espinoza and Sons","316.0"
"350","Hannah Clark","+1-458-727-3235x913","npatel@example.org","Terrell Ltd","39.0"
"351","Mallory Reed","001-735-897-7319x988","blackwellashley@example.org","Mcguire-Jordan","42.0"
"352","Whitney Smith","001-839-656-8550x3464","bwilson@example.org","None","286.0"
"353","Richards Group","+1-988-418-6513x0643","sarah14@example.com","None","231.0"
"354","James Martinez DDS","+1-993-235-6135x3594","hking@example.org","None","293.0"
"355","Montgomery, Shaffer and Davis","572-706-8827x964","gary03@example.com","Warren, Fischer and Marshall","357.0"
"356","Shirley Huff","940-445-0258x1282","ablack@example.org","None",""
"357","Cody Walker","387-355-9273","thomasmichael@example.org","None","292.0"
"358","Lucas-Jones","(703)835-7920","carolynwade@example.com","Nielsen Inc","13.0"
"359","Montoya-Taylor","+1-534-396-8137x456","eric79@example.org","Kim-Glass","74.0"
"360","Michael Smith","420-405-0190x4783","peckashley@example.net","Rogers Inc",""
"361","Emily Higgins","(903)386-1839","matthewfisher@example.net","None","327.0"
"362","Patricia Huerta","638-562-7742","tammymiller@example.net","None","14.0"
"363","Howe-Phillips","248.447.4416","johndeleon@example.org","None","328.0"
"364","Eric Harris","(547)257-0056","torresdawn@example.com","None","393.0"
"365","Kelly Jackson","331.462.4175x744","nkennedy@example.org","None","104.0"
"366","Vanessa Braun","001-291-871-9337x14081","eward@example.org","Silva, Santos and Cain",""
"367","Roberts-Potts","(562)374-8768x09924","cheryl00@example.net","None","232.0"
"368","Jared Alexander","001-865-677-2573x8027","scottjacobs@example.net","None","206.0"
"369","Ellison Group","001-786-229-4729x2561","matthew39@example.com","None","254.0"
"370","Suzanne Heath","+1-380-225-2620","tiffanybranch@example.net","Baker, Hunter and Ayala","133.0"
"371","Chavez-James","(678)457-1613x375","ayalakristen@example.org","King-Walter","395.0"
"372","Henderson, Jones and Evans","(821)250-8806x510","barrettshannon@example.com","None","60.0"
"373","Gina Rice","001-957-333-1552x4701","icraig@example.com","None","316.0"
"374","Donna Terry","(977)934-4404x4234","tina27@example.org","Hall PLC","281.0"
"375","Sherry Reese","(259)243-5229x22390","tim19@example.net","None","40.0"
"376","Diane Thomas","(960)520-6875x3928","kathleendiaz@example.com","None","160.0"
"377","Eaton, Conway and Evans","433-463-5428","steven07@example.org","Johnson-Chapman",""
"378","Lynch, Mitchell and Bender","580-645-7661","nolanjeffery@example.net","None","271.0"
"379","Torres Inc","+1-345-869-9744x741","thomaspatrick@example.com","None","258.0"
"380","Brown-Phillips","418.742.0797x7144","jherrera@example.com","Buchanan PLC","219.0"
"381","Strickland Inc","5077004586","jason35@example.net","Brown, Baird and Randall","397.0"
"382","Julie Roberts","612.896.3138x2009","jeremy63@example.com","None","184.0"
"383","Sonya Smith","847.501.0601x6181","william13@example.com","Daniels Ltd","131.0"
"384","Teresa Harris","001-516-713-4941x651","ajones@example.com","Hendrix, Roach and Hernandez","192.0"
"385","Gomez and Sons","(729)322-0432x3763","daniellechavez@example.org","Orozco-Acosta","107.0"
"386","Taylor Adams","750-508-1675","aprilpierce@example.org","Bowman-Rogers","120.0"
"387","Roth, Hooper and Preston","250.368.9081","westjohn@example.com","None","348.0"
"388","Bell and Sons","958.409.4585","josephhenry@example.net","None","294.0"
"389","Joel Mcbride","9608445978","rodriguezjoseph@example.org","Hernandez-Huffman","358.0"
"390","Terry Christian","490-930-8075","qward@example.com","None","294.0"
"391","Benjamin Rodriguez","001-445-201-3816x3016","jefferylandry@example.net","Buchanan PLC","217.0"
"392","Young PLC","(686)514-8327x38058","craigmoore@example.org","Hill-Mason","85.0"
"393","Robert Lynch","+1-805-644-3849x5732","nicholas58@example.org","None","211.0"
"394","Wilson-Campbell","807-765-7268x39676","angel23@example.org","Mendez Inc","115.0"
"395","Collins, Atkinson and Williamson","782.968.4612x263","philip26@example.org","Martinez-Logan","103.0"
"396","Hanson Ltd","606.480.8564x59119","rjones@example.net","None","293.0"
"397","John Skinner","(449)426-9735x88171","rossjamie@example.com","Mack, Washington and Smith","47.0"
"398","Williams, Contreras and Smith","5005146738","tmerritt@example.com","None","264.0"
"399","Samuel Moses MD","583.985.3449","david11@example.com","None","330.0"
"400","Victor Mcclure","(899)302-5915","janetcastro@example.net","None","220.0"
"401","Earl James","548.283.0307","sandracraig@example.net","None","66.0"
"402","Tonya Thompson","001-756-367-5088x167","dbailey@example.net","Livingston Group","291.0"
"403","Melanie Arnold","875.859.7884x2214","brandongreene@example.org","None","392.0"
"404","Schwartz PLC","(586)398-3474x853","mbishop@example.org","Harris-Dickerson","390.0"
"405","Williams, Bender and Chapman","4854390648","prestonandrew@example.org","Silva-Reed","377.0"
"406","Ashley Jackson","(442)559-4425","michelle66@example.net","None","186.0"
"407","Thompson and Sons","(788)302-8024x806","vasquezmichael@example.net","Lee-Martinez","163.0"
"408","David Jacobson","+1-792-815-4221x12550","carterisaiah@example.net","None","300.0"
"409","Hall Ltd","+1-497-314-5551x5558","jasonwhite@example.org","None","160.0"
"410","Wallace, Gonzalez and Phillips","670-474-2923","lisaedwards@example.org","Santiago-Rodriguez","312.0"
"411","Cynthia Larson","765-467-4664","elizabeth15@example.net","None","200.0"
"412","Wells-Bell","757-792-3626x5793","gregory74@example.net","Turner-Williams","57.0"
"413","Harris PLC","5256292326","ricardojackson@example.net","Gallegos-Dennis","268.0"
"414","Erika Howell","001-464-971-6955x32986","emilymurray@example.net","Garcia Inc","285.0"
"415","Huber-Lewis","+1-848-322-3416x627","imclaughlin@example.com","None","4.0"
"416","Ryan Hamilton","(754)859-3762","hughesamy@example.com","None","270.0"
"417","Jessica Gould","798.360.1838","adonovan@example.org","Mcclain LLC","94.0"
"418","Smith, Brown and Wong","+1-567-832-7737x91157","patricia22@example.com","Gutierrez, Dougherty and Cabrera","60.0"
"419","Patrick Hayes","001-374-619-2352x918","kimberly33@example.com","Schultz-Rice","286.0"
"420","Gutierrez Ltd","(284)723-9993x9576","aguilarbilly@example.org","None","233.0"
"421","Henry Ltd","+1-408-381-5803x060","wesleyrobinson@example.net","None","121.0"
"422","Jeremy Thornton","458.584.5903x6241","zfields@example.com","None","379.0"
"423","Jeffrey Holland","001-889-892-8043x0277","younggarrett@example.net","Morgan Ltd","367.0"
"424","Navarro-Rasmussen","001-664-501-6892x43414","billy29@example.com","Ross-Gonzalez","338.0"
"425","Walls PLC","(453)921-6981","sean33@example.net","None","166.0"
"426","Rachel Soto","6339619508","deanna85@example.com","None","167.0"
"427","Adkins-Henry","(329)970-2633x26021","perezchristine@example.net","None","119.0"
"428","Jennifer Moon","(387)383-2905x32572","hernandezmeagan@example.net","Scott-Craig","287.0"
"429","Rachel Chavez","666.684.0506","warrenkyle@example.org","Greer, West and Raymond","231.0"
"430","Bird, Rodriguez and Rose","(883)395-8959","carlos01@example.org","None","241.0"
"431","James Ramirez","001-751-674-7911x3079","paulware@example.org","None","96.0"
"432","Johnny Nguyen","539-718-8625x74768","swalker@example.org","None",""
"433","Taylor May","(962)882-0718","kingkevin@example.com","None","397.0"
"434","Chandler-Bolton","9936489995","jamesadams@example.org","Baker, Duncan and Anderson","76.0"
"435","Morgan PLC","+1-974-835-1469x91978","chenjohn@example.org","Moore, Little and Ruiz","25.0"
"436","Pamela Smith","+1-283-311-2680x05836","elizabeth02@example.org","Mcdonald Inc","316.0"
"437","Timothy George","771-277-4385x356","taylormonica@example.org","Allen-Thomas","332.0"
"438","Timothy Gray","458.425.6988","peterbuckley@example.com","Brown-Horne","396.0"
"439","Kelsey Taylor","+1-533-664-6036","pjohnson@example.com","None","292.0"
"440","Holden LLC","5467608107","wbutler@example.com","None",""
"441","Gomez Inc","628-790-2904x659","janice05@example.net","None","222.0"
"442","Henry, Garcia and Avila","9109629908","fishercraig@example.org","None",""
"443","Hines Inc","+1-565-968-4594x70386","smithmichelle@example.org","None","129.0"
"444","Daniel Mcbride","(581)954-9711x679","erinfarrell@example.org","Hughes-Gray","388.0"
"445","Mason Brooks","353.464.8355","qsmith@example.com","Perry Group","139.0"
"446","Katherine Williams","8187223375","kevinhensley@example.com","None","101.0"
"447","Bryan Brewer","(622)601-0070","castillothomas@example.net","None","302.0"
"448","Sara Lopez","444.258.8450","nicholas34@example.net","Greene, Jordan and Kim","249.0"
"449","Jacob Stokes","427-294-0455x49857","qyoung@example.com","None","78.0"
"450","White, Johnson and Sanchez","781.638.1496","hhutchinson@example.com","Nguyen, Caldwell and Robinson","311.0"
"451","David Brown","+1-598-593-0124","julie20@example.net","None","103.0"
"452","Alexander Fleming","852-703-8473","jamesingram@example.com","None","52.0"
"453","Autumn Holland","+1-488-723-8296x7432","timothydavis@example.com","Cook-Simmons","130.0"
"454","Frank Washington","870-406-4323","brennanjames@example.org","Serrano, Williams and Taylor","340.0"
"455","Lam, Thompson and Contreras","500.731.2420","gregory90@example.org","None","280.0"
"456","Michael Olson","(800)357-5337x57666","jessedonaldson@example.com","None",""
"457","Allen Smith","607-634-6097x014","whiteheadashley@example.org","None","79.0"
"458","Clark, Hill and Smith","860-831-8001x8581","kennethhiggins@example.com","Lamb, Garcia and Thomas","263.0"
"459","Tina Oconnor","329.517.7059x39340","perryjeffrey@example.org","None","381.0"
"460","Evan Stone","249.701.2752x3783","elizabeth39@example.net","Carlson and Sons","189.0"
"461","Greg Castro","+1-767-747-3319x858","jasminerichmond@example.org","None","205.0"
"462","Cindy Barker","+1-752-653-8807","ashley31@example.com","None","48.0"
"463","Robert Gates","2563070365","lisa33@example.com","None","48.0"
"464","Phyllis Hernandez","(424)943-7208x057","gina61@example.net","Murphy, Mahoney and Lambert","383.0"
"465","Sean Smith","5086274220","michael25@example.org","None","94.0"
"466","Dennis Adams","586-317-5078x9599","iconner@example.org","Vargas-Sweeney","172.0"
"467","Black and Sons","(617)494-0714","ramireztara@example.org","Horton, Johnson and Gomez","44.0"
"468","Moran Group","878-348-9291x8115","charlottetorres@example.org","Evans-Smith","397.0"
"469","Robinson-Johnson","+1-793-724-0988","jamiejohnson@example.org","None","398.0"
"470","Klein-Goodman","(553)503-0589x70940","goldenamy@example.net","None","237.0"
"471","Michael Moore","001-491-611-3620x36479","vpeterson@example.org","Martin, Douglas and Collins","64.0"
"472","Cervantes and Sons","403-743-5902x497","jessica36@example.org","Floyd, Quinn and Diaz","245.0"
"473","Evans-Berry","8829823522","julie38@example.com","Silva-Wilson","234.0"
"474","Buck-Gomez","(998)367-6660","heathernichols@example.net","None","239.0"
"475","Parker and Sons","001-675-644-5430x9180","manningchristopher@example.com","None","318.0"
"476","Shepard Ltd","5283227339","elizabethgilbert@example.net","Jackson, King and Mills","148.0"
"477","Susan Allen","955-612-4804","clarkedavid@example.net","Koch Ltd","186.0"
"478","Nicole Wagner","(816)676-6395x981","benjaminmarshall@example.org","None","264.0"
"479","Cindy Howard","001-899-218-5379x712","millermelissa@example.org","None","351.0"
"480","Rodriguez, Norman and Schmidt","001-475-709-3775x837","beth62@example.com","None","389.0"
"481","Owens, Torres and Adams","5577461188","collinsmatthew@example.org","None","347.0"
"482","Kimberly Evans","355.761.4055x48677","timothy66@example.com","None","388.0"
"483","Dennis-Garcia","+1-987-761-7549x92238","qball@example.com","Smith LLC","301.0"
"484","Blevins-Gregory","628-889-7542x330","duane87@example.net","Boyer Group","175.0"
"485","Salinas-Hickman","810-430-7803","amanda89@example.org","None","347.0"
"486","Andrew Mullins","001-402-416-3951x46901","andrewkramer@example.org","None","381.0"
"487","Johnson-Edwards","803-250-7969","kathleen59@example.org","Zhang-Thornton","68.0"
"488","Allen Group","(377)681-0252","iporter@example.net","Bradford Ltd","300.0"
"489","Rebecca Rocha","499.525.1819x563","facevedo@example.com","Mcclure and Sons","67.0"
"490","Veronica Howard","8564878528","kelseymason@example.com","None","102.0"
"491","Paige Howard","001-377-235-8994x4723","gwyatt@example.com","None","303.0"
"492","Diamond Hayes","(277)865-1012","lindabowen@example.com","None",""
"493","Rhonda Garcia","(555)713-4582x5040","amanda29@example.net","Miller Ltd","263.0"
"494","Pearson Group","2525069615","pamelawilliams@example.org","None","338.0"
"495","Alex Adams","578-233-2422x20371","kevinbooth@example.net","None","138.0"
"496","Washington LLC","793-338-5044","nicole91@example.net","None","353.0"
"497","Kenneth Rose","+1-726-590-6564x23033","davistimothy@example.org","None","177.0"
"498","Tamara Diaz","+1-911-884-4240x15255","martinantonio@example.com","None","138.0"
"499","Angela Thompson","(499)809-2790","qwhite@example.com","None",""
"500","Jason Reynolds","+1-837-516-5919x43306","marcusrodriguez@example.org","Johnson, Vega and Raymond","17.0"
"501","Hudson-Long","6783278775","alarson@example.org","Bush Group","305.0"
"502","Williamson PLC","(302)660-8380x06945","rickyhoffman@example.net","Hubbard-Gross","397.0"
"503","Ashley Taylor","553-989-5708","daniel53@example.net","None","361.0"
"504","Dana Newman","+1-610-881-3428x8659","xdavis@example.org","Wright-Jackson","61.0"
"505","Timothy Francis","001-223-552-2856x034","uadams@example.com","Lopez-Morales","59.0"
"506","Benjamin Carroll","(905)571-7069","jamie95@example.org","None","279.0"
"507","Miller PLC","+1-616-741-7768x28683","lauriejackson@example.com","None","232.0"
"508","Doyle Ltd","001-969-838-3430x726","vmoore@example.com","None","173.0"
"509","Santiago, Simmons and Hood","(805)511-3265x41719","burkebeth@example.com","Hopkins-Ross","140.0"
"510","Debbie Williams","+1-422-772-0306","gordonshane@example.org","None","309.0"
"511","Cory Hall","(208)661-7349x3505","alexandria06@example.org","Moore-David","350.0"
"512","Michelle Harper","(652)375-9655x62230","jenniferlevine@example.com","Allen-Spencer","331.0"
"513","Fowler-Schroeder","(803)559-9211x802","yhenderson@example.com","Harris, Butler and Rojas","370.0"
"514","Donald Smith","(756)816-0047x666","rebeccaterry@example.com","Brooks, Oconnell and Hunt","161.0"
"515","Lamb-Mccullough","(865)792-7799x727","pgriffin@example.org","None","254.0"
"516","Faith Lynch","001-543-683-6802x7938","yjackson@example.org","Hernandez Inc","230.0"
"517","Gaines and Sons","712.841.5739","taylorlogan@example.org","Clark and Sons","215.0"
"518","Nathan Raymond","477-389-8891x1205","davidnelson@example.com","None","81.0"
"519","Cynthia Nicholson","+1-481-357-9501x7805","gonzalezmelanie@example.com","None","1.0"
"520","Joshua Parrish","001-323-907-6364","jonestina@example.org","Lopez, Mack and White","151.0"
"521","Rollins-Potter","490.792.4438x17426","brianramirez@example.org","Gray PLC","232.0"
"522","Campos, Dean and Gillespie","+1-228-984-3450x76957","churchmichael@example.org","Gay-Carroll","372.0"
"523","Brianna Peterson","525.914.2486x132","crystal21@example.org","None","348.0"
"524","Sean Gonzalez","+1-995-369-4237x7310","nfletcher@example.org","None","121.0"
"525","Alison Morgan","226-578-9351","murphyamanda@example.net","None","23.0"
"526","Jennifer Palmer","+1-609-720-6971x479","james72@example.net","None","243.0"
"527","Lisa Brown","(710)896-5098","laurenwall@example.com","None","25.0"
"528","Anne Mckinney","+1-289-524-2875","petersalexis@example.net","Stafford, Perry and Mitchell",""
"529","Karen Torres","875.992.7768x1923","alexandrasavage@example.com","Hale, Ward and Knapp","366.0"
"530","John Hunter","(943)216-6693x5357","lynnstephanie@example.net","Richards, Sanders and Howard","284.0"
"531","Jasmine Guerra","(258)713-9932x158","hamiltonsara@example.org","None","229.0"
"532","Johnson-Evans","744.859.1852x76629","zacharysmith@example.com","Melendez Inc","92.0"
"533","Adam Sanders","396-392-7256x804","savannah05@example.net","None","78.0"
"534","Cooper, Gallagher and Monroe","001-324-479-2655x76514","patricksmith@example.net","None","353.0"
"535","Sanford-Ferguson","8222899563","zgutierrez@example.org","Woods-Castillo","342.0"
"536","Rachel Dunn","(648)392-5248x7472","taylorwillie@example.org","None","154.0"
"537","Jacqueline Baxter","+1-459-370-1154x28814","melaniemcconnell@example.com","None","80.0"
"538","Glenn Martinez","(894)749-0637x104","robertcarter@example.org","Johnson, Anderson and Green","42.0"
"539","Justin Terrell","001-305-227-0998x07462","bryanreginald@example.net","None","23.0"
"540","Anderson-Lang","300.379.0646","fchavez@example.org","Kelly and Sons","59.0"
"541","Jones-Macdonald","+1-623-292-8030x00747","xsutton@example.net","None","259.0"
"542","Brian Alvarez","+1-825-399-7070x9241","haleymcdaniel@example.com","Krause, Nelson and Nunez","57.0"
"543","Matthew Powell","001-266-349-7732x692","darrellmartinez@example.org","None","343.0"
"544","Julie Hill","001-912-862-8282","mullinsanthony@example.org","Stewart PLC","71.0"
"545","Gregory Wells","593-919-1602","tim99@example.com","Ferguson-Carroll","372.0"
"546","John Anderson","(716)584-8130","mshelton@example.com","Schmidt, Bradshaw and Rose","1.0"
"547","Roberts, Booth and Pitts","(317)601-0184","webstersteven@example.org","None","341.0"
"548","Young-Vega","+1-871-864-8199x34181","ujones@example.net","None","301.0"
"549","Phillips, Meadows and Hill","(921)829-1409","william98@example.com","Martinez, Pierce and Thomas","174.0"
"550","Marcus Valdez","(312)936-2960x97614","daviddawson@example.com","None","82.0"
"551","Deleon, Griffith and Mathis","(601)277-7050x8360","christopherhoffman@example.net","Rojas, Wilson and Meyers","277.0"
"552","Ramsey and Sons","370.543.5953x23834","jenniferbailey@example.com","None","156.0"
"553","Teresa Smith","899-756-2192x41948","angela10@example.net","None","202.0"
"554","Stokes-Ross","+1-961-648-8293x11138","rebeccawilliams@example.org","Hopkins, Miller and Blankenship","341.0"
"555","Villanueva, Roberts and Lee","521.509.5856x1284","keithpennington@example.com","None","169.0"
"556","Taylor-Ross","321.687.3919x715","jferrell@example.org","Dean and Sons","2.0"
"557","Adam Lucero","001-220-264-3688","simmonsdavid@example.com","Bonilla, Meyer and Avila","367.0"
"558","Andrew Adams","001-470-413-7999x411","theodore48@example.net","Miller-Shannon","372.0"
"559","Natalie Zimmerman","001-404-639-5854x9400","qreese@example.net","None","17.0"
"560","Gwendolyn Coleman","582-729-2321","vwilkinson@example.net","Key Ltd","329.0"
"561","Wright-Anderson","849.213.2950","kfox@example.com","Smith-Moore","383.0"
"562","Michael Rodriguez","+1-840-536-1876x11074","sarah96@example.org","None","123.0"
"563","Smith, Webster and Romero","(918)702-3675","johnsonnatalie@example.org","Johnson, Howard and Norris","73.0"
"564","Zoe Montoya","803-729-6573x164","edwardssamantha@example.org","Moran-Thomas","222.0"
"565","Clark-Elliott","001-447-297-9575","rodriguezkrista@example.org","None","4.0"
"566","Amy Luna","801-471-2823","robin21@example.org","Chen, Marshall and Shannon","339.0"
"567","Marshall LLC","417.555.0799x5027","brandon72@example.net","None","301.0"
"568","Johnson, Williams and Schmitt","+1-342-299-3957","hbrown@example.org","None","203.0"
"569","Johnson, Solomon and Gray","001-351-806-0993x3675","griffinjo@example.org","None","344.0"
"570","Daniel Graham","(977)573-9223x792","troy81@example.net","None","332.0"
"571","Smith-Goodman","4169358417","scottkelly@example.org","Hill Inc","281.0"
"572","Booth LLC","371.926.3582x0337","cookeleonard@example.org","Henry, Roberts and Zimmerman","356.0"
"573","Grimes, Osborn and James","532-536-3149x3191","rodriguezkimberly@example.net","Kane, Smith and Sanchez",""
"574","Diane Young","+1-396-377-4127x9577","jenniferbowman@example.com","Hardin, Reed and Patterson","395.0"
"575","Smith and Sons","(632)209-1216","danielbush@example.net","None","228.0"
"576","Robert Stanley","001-879-732-6606","utodd@example.org","Hernandez, Barr and Watts","73.0"
"577","Gomez, Lopez and Porter","938-836-8634","stephenellis@example.net","None","334.0"
"578","Carson Ltd","001-202-489-7413x403","cpeterson@example.net","None","150.0"
"579","Abigail White","(511)777-4151","pearsonsonya@example.com","Berry LLC",""
"580","Mrs. Emily Thomas","+1-416-390-8609","owright@example.org","None","97.0"
"581","Michelle Arroyo","4324057511","mwalker@example.net","Elliott LLC","130.0"
"582","Harrison, Ramos and Kline","751.685.2435x84510","patricialopez@example.com","Hernandez-Miller","142.0"
"583","Reynolds, Pennington and Scott","779-445-5344","tylerwashington@example.org","Gray, Hansen and Green","212.0"
"584","Lee-Jenkins","(709)254-2329x325","donnarivera@example.net","Jones LLC","100.0"
"585","Lawson, Morales and Daniels","(805)448-7321","timothywilson@example.net","Harrington-Lopez","82.0"
"586","Rebecca Greene","(281)857-6072x0220","howardbrenda@example.org","Nunez-Campos","196.0"
"587","Zimmerman-Moore","001-980-571-3289x612","tracysandoval@example.org","None","173.0"
"588","Nicole Garcia","633-829-8253x55867","robert71@example.org","None","109.0"
"589","Eric Castillo V","390.763.6687","michael28@example.net","None","369.0"
"590","Angela Campos","(236)536-4899","kellis@example.net","Eaton and Sons","310.0"
"591","Jessica Nielsen","818-442-1741x031","adamhoover@example.org","Brown and Sons","179.0"
"592","Smith-Harris","584-660-5883x8306","russellchristopher@example.net","None","273.0"
"593","Horton, Scott and Garrett","(945)475-8418x532","jpham@example.net","Reyes-Fox","15.0"
"594","Brown Group","234.788.9335x75089","melissa58@example.org","None","16.0"
"595","Susan Brown","+1-745-911-7197x44395","drewbryan@example.com","None","373.0"
"596","Rivera, Bennett and Hernandez","347.350.7286x3669","amandaramsey@example.net","Thompson PLC","204.0"
"597","Shea Inc","001-795-608-8580x78866","sanchezkristine@example.org","None","114.0"
"598","Lopez, Phillips and Mahoney","(726)867-7682x6241","davidjohnson@example.com","None","288.0"
"599","Russell Fitzpatrick","+1-659-256-1272x855","adamschad@example.org","Hammond-Ho","95.0"
"600","Combs-Thomas","+1-422-432-8977x20006","fwallace@example.org","None","143.0"
