"project_id","project_name","start_date","end_date","location","unit_id"
"1","Lake Christineton Project 1","2022-12-02","2024-12-01","West Deannaside","6744"
"2","East Tonymouth Project 2","2024-02-28","2025-02-27","Lindamouth","965"
"3","North Hannah Project 3","2023-11-29","2027-11-28","Jenniferview","3023"
"4","South Jasmineside Project 4","2024-08-13","2027-08-13","Amyfort","5062"
"5","New Michael Project 5","2021-08-07","2024-08-06","Hillside","8240"
"6","New Ericport Project 6","2021-06-23","2025-06-22","Ambermouth","6586"
"7","Grosstown Project 7","2020-10-18","2023-10-18","Kimberlybury","1329"
"8","Lake Tammyfurt Project 8","2022-02-27","2026-02-26","New Felicia","4661"
"9","New Justin Project 9","2024-01-19","2027-01-18","Davidsonville","8983"
"10","North Maryberg Project 10","2021-03-15","2023-03-15","Port Anthony","4418"
"11","Leeton Project 11","2021-04-01","2025-03-31","Barretthaven","4313"
"12","Brandonbury Project 12","2023-06-13","2027-06-12","North Sarahborough","5797"
"13","Hebertland Project 13","2023-08-01","2024-07-31","Owenton","4610"
"14","Shortton Project 14","2022-04-30","2024-04-29","Allisonland","206"
"15","Christianborough Project 15","2024-05-05","2028-05-04","North Jessicaside","2913"
"16","East Alicia Project 16","2022-06-07","2025-06-06","New Colleen","7358"
"17","Reeseshire Project 17","2021-07-21","2024-07-20","Emilychester","4770"
"18","East Lauraside Project 18","2024-07-19","2027-07-19","Wagnerburgh","439"
"19","Mahoneymouth Project 19","2023-01-24","2024-01-24","Meganchester","7343"
"20","Mckenziemouth Project 20","2024-01-17","2028-01-16","New Amy","8682"
"21","Michaelmouth Project 21","2022-05-22","2025-05-21","Moyertown","1198"
"22","West Caitlinhaven Project 22","2023-11-19","2024-11-18","West Adam","367"
"23","Port Leslie Project 23","2021-09-26","2022-09-26","Samanthahaven","1543"
"24","North Benjamin Project 24","2023-02-28","2027-02-27","Ericview","2661"
"25","East Jonathan Project 25","2022-05-10","2025-05-09","Christopherfurt","4572"
"26","Lake Chris Project 26","2023-03-20","2025-03-19","Lauraburgh","2175"
"27","New Dawnton Project 27","2022-11-14","2025-11-13","Millerton","1133"
"28","Michaelchester Project 28","2024-09-18","2026-09-18","Conradville","911"
"29","Lake Denise Project 29","2024-06-29","2026-06-29","Lake Kimberlyfurt","3977"
"30","Alicemouth Project 30","2021-01-09","2024-01-09","West Wayne","7687"
"31","North Emily Project 31","2021-09-24","2023-09-24","Maddoxshire","1081"
"32","East Ryanfurt Project 32","2022-12-10","2023-12-10","East Matthew","247"
"33","New Raymondland Project 33","2022-10-26","2023-10-26","Shawberg","7669"
"34","South Anita Project 34","2024-01-13","2027-01-12","Fostershire","5895"
"35","East Charles Project 35","2021-08-17","2025-08-16","Morrisshire","6138"
"36","Lake Robertstad Project 36","2021-03-05","2022-03-05","Jamesstad","6669"
"37","Port Kevinstad Project 37","2023-04-27","2026-04-26","Hansonmouth","3163"
"38","East Gina Project 38","2020-12-25","2022-12-25","Port Jessica","3315"
"39","Lake Brianberg Project 39","2021-02-27","2022-02-27","Alexanderville","3925"
"40","Ruizmouth Project 40","2022-02-02","2025-02-01","Lake Amanda","8018"
"41","Anaberg Project 41","2021-08-29","2024-08-28","South Brandyhaven","1515"
"42","Georgeport Project 42","2020-12-23","2024-12-22","Port Heather","8961"
"43","South Dianatown Project 43","2021-12-12","2023-12-12","South Donnastad","777"
"44","North Kellyfurt Project 44","2024-06-20","2026-06-20","South William","1658"
"45","West Toddside Project 45","2023-10-24","2025-10-23","East Jamesmouth","6110"
"46","North Johnhaven Project 46","2023-03-06","2026-03-05","Matthewfurt","8794"
"47","North Michael Project 47","2023-12-17","2026-12-16","Michaelport","2262"
"48","Lisaview Project 48","2021-10-18","2023-10-18","Zamoratown","1050"
"49","Jeremiahmouth Project 49","2023-02-26","2026-02-25","Sandovalland","1958"
"50","Meyerbury Project 50","2023-11-24","2027-11-23","Allenberg","7971"
"51","Reneemouth Project 51","2022-08-10","2025-08-09","Danielsborough","4192"
"52","New Amber Project 52","2023-07-27","2026-07-26","Port Devin","8561"
"53","South Wendy Project 53","2023-09-21","2024-09-20","Lake Sarah","2934"
"54","West Carlos Project 54","2024-09-10","2028-09-09","East Lonnieberg","427"
"55","Port Lucaschester Project 55","2023-11-20","2024-11-19","Turnerview","2415"
"56","North David Project 56","2021-06-10","2023-06-10","Port Valerieview","327"
"57","New Jesse Project 57","2023-05-15","2025-05-14","West Christopherfort","8476"
"58","Josephstad Project 58","2021-05-13","2025-05-12","Port Paul","4058"
"59","East James Project 59","2022-10-23","2025-10-22","South Kathytown","424"
"60","Stephaniebury Project 60","2024-09-23","2025-09-23","Port James","7804"
"61","Camachofort Project 61","2021-07-19","2025-07-18","Michellebury","7991"
"62","Parsonsfurt Project 62","2022-08-12","2023-08-12","Phillipshire","4654"
"63","New Danielmouth Project 63","2023-04-27","2026-04-26","East Aprilfurt","3565"
"64","New Paulton Project 64","2023-12-03","2024-12-02","West Scott","1437"
"65","Kimport Project 65","2024-07-21","2028-07-20","Jacksonport","1158"
"66","Lake Zacharyberg Project 66","2023-05-27","2026-05-26","Gallegosmouth","7927"
"67","East Kimberlyside Project 67","2021-03-06","2024-03-05","South Robert","5972"
"68","East Shawnborough Project 68","2022-09-17","2026-09-16","Davismouth","7475"
"69","Lake Jessica Project 69","2023-09-26","2026-09-25","North Jasminstad","5609"
"70","Acostahaven Project 70","2021-02-26","2022-02-26","South Andrea","3512"
"71","West Ariana Project 71","2020-12-24","2022-12-24","East Misty","634"
"72","South Kylemouth Project 72","2021-07-21","2025-07-20","Courtneyville","8951"
"73","East Adam Project 73","2024-08-12","2025-08-12","Alexanderfort","8887"
"74","Stephenstown Project 74","2024-06-06","2027-06-06","Youngshire","3356"
"75","Chavezmouth Project 75","2023-08-07","2025-08-06","New Carolbury","1522"
"76","Christineside Project 76","2024-07-18","2025-07-18","North Jack","7651"
"77","Benjaminton Project 77","2021-01-10","2025-01-09","Markland","5862"
"78","South Victoriaburgh Project 78","2021-01-01","2024-01-01","Cherylshire","3828"
"79","South Kara Project 79","2024-02-22","2028-02-21","Sarahland","7680"
"80","Marcusfurt Project 80","2024-01-23","2025-01-22","Port Ronaldside","8184"
"81","Thomasville Project 81","2021-01-25","2023-01-25","Markchester","6369"
"82","Lake Jason Project 82","2023-01-10","2024-01-10","North Ashleyhaven","3216"
"83","Ramseyport Project 83","2021-03-02","2022-03-02","Lynchmouth","1131"
"84","Sarashire Project 84","2021-11-24","2024-11-23","Stonefort","4509"
"85","New Jesse Project 85","2022-11-21","2026-11-20","Tiffanytown","2642"
"86","South Colleenville Project 86","2021-04-18","2022-04-18","Port Christina","8733"
"87","Williamsstad Project 87","2022-07-23","2023-07-23","North Danielle","7519"
"88","Jonathanland Project 88","2023-09-23","2025-09-22","Kevinside","5743"
"89","North Ginamouth Project 89","2022-03-04","2024-03-03","Ramseytown","8653"
"90","East Mark Project 90","2024-05-01","2028-04-30","Sandrafort","6220"
"91","Roblesberg Project 91","2024-09-09","2028-09-08","Mooremouth","6024"
"92","Stevenchester Project 92","2024-08-02","2027-08-02","Port Adrianashire","8864"
"93","Angelatown Project 93","2023-11-17","2027-11-16","New Gina","3624"
"94","Carlberg Project 94","2024-03-12","2026-03-12","Marymouth","285"
"95","New Catherine Project 95","2022-05-22","2026-05-21","New Darryl","2590"
"96","Janetmouth Project 96","2024-02-14","2025-02-13","West Robertfort","2965"
"97","West Shannon Project 97","2024-07-10","2028-07-09","Javierport","6840"
"98","West Kristenborough Project 98","2021-07-15","2025-07-14","South Williamfort","1136"
"99","East Matthew Project 99","2024-08-22","2027-08-22","Oconnorhaven","2546"
"100","Douglasville Project 100","2022-02-11","2023-02-11","East Jenny","1885"
"101","Reeveshaven Project 101","2022-09-30","2025-09-29","North Larryton","3811"
"102","West Steventon Project 102","2023-09-19","2025-09-18","New Katieport","3119"
"103","Danielleborough Project 103","2020-11-20","2024-11-19","Jamesport","4847"
"104","Kendraville Project 104","2021-12-20","2025-12-19","Edwardview","1534"
"105","New Anitaville Project 105","2021-04-12","2023-04-12","New Michael","490"
"106","Donaldport Project 106","2022-02-23","2025-02-22","East Charles","2468"
"107","Amberton Project 107","2023-05-27","2024-05-26","North Thomas","4109"
"108","North Patrickland Project 108","2023-09-01","2026-08-31","Myersshire","5216"
"109","Jensenport Project 109","2023-06-21","2026-06-20","Lisaside","6144"
"110","Bradleyland Project 110","2021-02-16","2022-02-16","Davisport","6378"
"111","Ruizbury Project 111","2023-09-15","2027-09-14","Port Paula","5520"
"112","Philipmouth Project 112","2021-11-21","2024-11-20","Shawntown","1175"
"113","Rodriguezfort Project 113","2021-01-26","2023-01-26","Singletonport","6238"
"114","Cassandraberg Project 114","2024-01-22","2025-01-21","South Lisaville","658"
"115","Port Kevinmouth Project 115","2022-03-07","2026-03-06","Garzabury","8073"
"116","New Erik Project 116","2023-06-08","2024-06-07","Reyesmouth","3814"
"117","Muellerchester Project 117","2021-09-05","2023-09-05","Amybury","2934"
"118","Lake Sarahshire Project 118","2021-07-12","2022-07-12","Wilsonmouth","6623"
"119","Port Seanport Project 119","2022-03-06","2023-03-06","Jonesville","1483"
"120","Murphyton Project 120","2023-09-16","2026-09-15","East Lisashire","2834"
"121","Port Dwayneberg Project 121","2024-08-20","2026-08-20","Schmidtfurt","1590"
"122","Gonzalezmouth Project 122","2023-05-31","2025-05-30","Ashleyport","3067"
"123","Robbinsstad Project 123","2024-09-12","2026-09-12","New Alanhaven","8039"
"124","Port Kelly Project 124","2022-07-06","2023-07-06","Rachelton","6474"
"125","Danielport Project 125","2020-10-18","2022-10-18","East Ryanshire","7054"
"126","Jenniferfurt Project 126","2022-06-21","2024-06-20","Grahamborough","7211"
"127","South Don Project 127","2023-08-12","2025-08-11","Bridgesstad","7237"
"128","Mooreberg Project 128","2024-05-13","2027-05-13","North Charles","4363"
"129","Lake Nicole Project 129","2020-11-10","2022-11-10","Proctorberg","2096"
"130","Lake Linda Project 130","2021-02-25","2022-02-25","Englishchester","3191"
"131","South William Project 131","2023-06-12","2026-06-11","Cruzbury","584"
"132","Jacobsshire Project 132","2021-08-01","2023-08-01","Bradfordbury","4793"
"133","Robertside Project 133","2023-10-28","2025-10-27","Arthurton","4738"
"134","Bushville Project 134","2023-03-18","2026-03-17","Nixonland","1847"
"135","Stevenland Project 135","2021-05-25","2023-05-25","East Thomasland","2140"
"136","Chloemouth Project 136","2023-09-14","2024-09-13","South Shawnfort","3136"
"137","Robertport Project 137","2023-03-27","2024-03-26","Garyport","356"
"138","Bryanfort Project 138","2023-11-20","2025-11-19","New Brett","7318"
"139","West Toddberg Project 139","2022-01-13","2023-01-13","Port Kristenview","8791"
"140","Joshuaview Project 140","2021-05-10","2024-05-09","Lake Danielburgh","5622"
"141","Lake Sean Project 141","2024-08-30","2026-08-30","West Kimberly","3107"
"142","Whitehaven Project 142","2021-10-18","2024-10-17","West Traceyberg","1259"
"143","Port Tyler Project 143","2023-04-30","2024-04-29","Townsendbury","8749"
"144","Barberburgh Project 144","2023-08-09","2025-08-08","New Jessica","5329"
"145","Lake Josephville Project 145","2022-04-06","2025-04-05","East Stevenfort","3553"
"146","Reeseside Project 146","2022-01-28","2023-01-28","South Frances","8689"
"147","Bakerhaven Project 147","2022-06-14","2024-06-13","Smithmouth","5755"
"148","Suzanneton Project 148","2022-06-02","2026-06-01","New Danachester","5526"
"149","Matthewview Project 149","2023-05-23","2024-05-22","West Destinyfurt","6794"
"150","Lake Emily Project 150","2022-10-03","2023-10-03","New Matthew","505"
"151","West Amy Project 151","2023-09-24","2027-09-23","Port Carloschester","6267"
"152","Lake Seanbury Project 152","2021-03-17","2025-03-16","Johnathanton","4506"
"153","North Sheenaborough Project 153","2020-11-22","2023-11-22","Lake Susanland","6941"
"154","South Diana Project 154","2024-06-08","2025-06-08","North Heather","5608"
"155","Stevenland Project 155","2021-11-14","2025-11-13","Livingstonview","4904"
"156","Schwartzmouth Project 156","2024-01-25","2026-01-24","Fernandoland","6362"
"157","South Paulton Project 157","2021-12-21","2022-12-21","Stephanieview","2838"
"158","Jonesborough Project 158","2021-07-20","2024-07-19","Whitefort","7881"
"159","New Kayla Project 159","2021-04-03","2025-04-02","New Dawn","3518"
"160","Baldwinville Project 160","2024-09-03","2025-09-03","North Chadview","1447"
"161","Smithfort Project 161","2024-02-06","2025-02-05","Lake Danielle","8332"
"162","Lake Peterberg Project 162","2024-10-05","2028-10-04","Rebeccashire","7663"
"163","Mendozafurt Project 163","2020-10-22","2024-10-21","New Jeremiahfurt","2864"
"164","Martinezside Project 164","2023-09-22","2027-09-21","Mathewport","1577"
"165","Lake Wendyland Project 165","2022-07-01","2023-07-01","Amandamouth","2687"
"166","Hodgesport Project 166","2021-02-18","2025-02-17","East Angela","3305"
"167","West Heather Project 167","2022-06-05","2026-06-04","Lake Haleyfort","3146"
"168","Mossberg Project 168","2021-02-25","2022-02-25","East Anthonyshire","8139"
"169","Priceside Project 169","2021-10-22","2022-10-22","Victormouth","396"
"170","West Brianton Project 170","2020-11-11","2023-11-11","Wilsonhaven","7469"
"171","Lake Beth Project 171","2022-09-29","2024-09-28","North Jillfort","5030"
"172","South Rebeccaton Project 172","2023-07-29","2024-07-28","Lake Deborah","4177"
"173","Lake Brendan Project 173","2020-11-08","2022-11-08","Loriville","7109"
"174","Port Brittany Project 174","2022-09-25","2025-09-24","North Tylerbury","6848"
"175","South Matthew Project 175","2021-01-23","2024-01-23","Nguyenshire","2930"
"176","West Mary Project 176","2023-02-12","2027-02-11","Port Brandon","6190"
"177","Bryanview Project 177","2021-07-13","2024-07-12","Port Robert","5805"
"178","Angelamouth Project 178","2023-10-03","2027-10-02","New Billy","1956"
"179","Stricklandtown Project 179","2021-03-21","2025-03-20","Millertown","5767"
"180","Lake Deniseport Project 180","2021-07-22","2022-07-22","Steelefort","4496"
